,origintime,latitude,longitude,depth
0,2001-12-01 22:29:50.585855,-75.311758,160.473686,1725.586
1,2001-12-02 03:53:59.819708,-75.222502,160.771329,7827.148
2,2001-12-03 03:02:28.192520,-75.144302,160.6336,-4861.328
3,2001-12-03 08:16:32.334693,-75.659268,160.466549,157662.109
4,2001-12-04 03:15:42.106727,-75.226421,160.295108,-4965.332
5,2001-12-05 02:27:51.204741,-75.086203,160.637642,15038.086
6,2001-12-06 12:03:29.707871,-75.024118,160.500068,-4930.664
7,2001-12-09 06:03:26.659483,-75.243418,160.431871,-2850.586
8,2001-12-09 18:05:16.606731,-75.433175,160.466115,-4965.332
9,2001-12-10 06:55:57.163753,-75.185167,160.257527,-770.5079999999999
10,2001-12-11 08:39:52.228388,-75.359215,160.296085,-1533.2030000000002
11,2001-12-11 09:25:53.153945,-75.313217,160.646856,-4965.332
12,2001-12-13 11:06:53.731782,-75.254532,160.023891,-4930.664
13,2001-12-14 18:48:12.184430,-75.164514,161.035745,2626.953
14,2001-12-16 20:59:29.897229,-75.057586,160.647219,338.86699999999996
15,2001-12-18 18:22:45.208042,-75.423575,160.574915,-4930.664
16,2001-12-19 13:33:50.921042,-75.237408,160.492378,-4930.664
17,2001-12-19 20:04:15.259297,-75.406577,160.548828,-4930.664
18,2001-12-20 02:40:29.476472,-75.354443,160.504619,-2087.891
19,2001-12-20 13:00:06.825731,-75.184012,161.101743,80768.55500000001
20,2001-12-20 21:41:04.851887,-75.124938,161.224927,59482.422
21,2001-12-21 01:08:50.734416,-75.424202,160.451539,-4930.664
22,2001-12-22 00:05:08.161947,-75.160178,160.977634,84928.71100000001
23,2001-12-23 07:21:56.000018,-75.312936,161.052715,66693.359
24,2001-12-24 12:32:22.573053,-75.237707,159.913408,3112.3050000000003
25,2001-12-27 09:14:33.431797,-75.184442,160.199786,-146.484
26,2002-01-13 17:51:14.169760,-75.700954,160.507548,164318.359
27,2002-01-14 09:22:58.792428,-75.387205,159.891654,239201.17200000002
28,2002-01-14 17:01:26.617306,-75.365277,160.616128,55876.953
29,2002-01-20 07:14:11.123365,-75.653569,159.952179,177353.516
30,2002-01-22 19:23:25.942293,-75.011974,160.454092,-4861.328
31,2002-01-26 13:35:32.344261,-75.027547,160.383111,-4861.328
32,2002-03-06 04:41:39.844064,-75.162429,159.943811,119943.359
33,2002-11-15 13:01:19.265404,-74.890824,161.619234,57957.031
34,2002-11-15 14:54:46.056433,-75.172499,161.449475,5123.047
35,2002-11-19 13:00:56.802400,-75.244803,160.337457,-4861.328
36,2002-11-20 11:36:37.478649,-75.023653,161.849687,6509.766
37,2002-11-21 12:18:02.543139,-75.317907,160.146343,-4861.328
38,2002-11-21 15:11:45.777920,-75.172568,160.975955,-1810.5469999999998
39,2002-11-21 15:29:52.516110,-75.218062,161.005298,19544.922
40,2002-11-23 02:48:56.391486,-75.159233,160.838044,62741.211
41,2002-11-24 16:23:45.169259,-75.268392,160.888759,47001.953
42,2002-11-27 02:35:35.874736,-75.051692,160.830362,15107.422
43,2002-11-27 14:55:30.829114,-75.267143,160.629053,-2989.258
44,2002-11-28 00:41:32.611696,-75.383897,160.516187,-4653.32
45,2002-11-28 01:46:39.691198,-75.392146,160.66311,-4965.332
46,2002-11-28 02:31:24.216759,-75.253627,161.088615,5261.719
47,2002-11-28 11:05:12.684160,-75.148833,161.094581,30083.984
48,2002-11-29 12:07:32.161353,-75.196161,160.869108,60591.797
49,2002-11-29 17:49:51.176386,-75.40112,160.499082,-3127.9300000000003
50,2002-11-29 18:26:56.882270,-75.374318,160.527722,-2295.898
51,2002-11-29 22:12:18.678586,-75.012844,161.304096,79520.508
52,2002-11-30 10:39:35.396329,-75.095274,161.124576,61701.172
53,2002-11-30 10:56:50.014705,-75.205823,161.11344,30083.984
54,2002-11-30 11:16:26.021605,-75.223182,161.085048,30222.656
55,2002-11-30 18:30:27.489339,-75.164149,161.08424,45060.547
56,2002-11-30 19:19:26.713184,-75.319507,161.188334,58373.047
57,2002-12-01 16:08:18.083600,-75.018877,161.151623,12611.328
58,2002-12-02 04:57:19.488868,-75.281366,160.459128,-4237.305
59,2002-12-08 06:04:52.543779,-75.471668,160.890113,-4965.332
60,2002-12-10 08:45:52.265716,-74.946835,160.984534,4360.352
61,2002-12-11 05:25:04.423150,-75.41287,160.432179,-4930.664
62,2002-12-14 05:04:45.954575,-75.347192,160.430369,-4861.328
63,2002-12-15 01:02:07.897543,-75.242046,160.980537,12680.664
64,2002-12-15 04:12:14.115777,-75.306697,160.856018,962.8910000000001
65,2002-12-16 06:35:45.890866,-75.032741,160.816461,6232.422
66,2002-12-16 07:21:28.229692,-75.228461,161.015598,64682.61699999999
67,2002-12-16 08:35:46.773239,-75.478055,161.248567,-77.148
68,2002-12-16 20:42:17.225692,-75.20106,160.848325,60383.789
69,2002-12-17 00:54:48.491884,-75.296528,160.80908,5331.055
70,2002-12-17 02:47:32.939100,-75.268439,160.733002,13928.711
71,2002-12-17 03:35:52.103126,-75.342506,160.601881,-4861.328
72,2002-12-17 07:40:22.995465,-75.287975,160.948911,58026.367
73,2002-12-17 10:32:18.310858,-75.35825,160.50492,-4861.328
74,2002-12-17 11:00:25.420141,-75.377703,160.420332,-4861.328
75,2002-12-17 14:22:35.581420,-74.935627,161.081939,12888.672
76,2002-12-18 03:46:36.341948,-75.227882,161.213549,64474.609000000004
77,2002-12-18 06:04:56.487624,-75.364706,160.545387,-4930.664
78,2002-12-19 05:50:54.849250,-75.463132,160.734502,-4965.332
79,2002-12-23 00:20:53.516956,-75.543018,161.69739,-3023.926
80,2002-12-23 04:48:08.748258,-75.210648,160.310821,57263.672
81,2002-12-23 19:18:03.438479,-75.386468,160.738014,-4930.664
82,2002-12-23 21:03:17.185727,-75.351171,160.393817,-1533.2030000000002
83,2002-12-24 00:38:08.145358,-75.35492,160.406372,-4861.328
84,2002-12-24 18:15:40.647178,-75.28844,160.731824,4013.6719999999996
85,2002-12-25 04:04:01.492685,-75.514549,160.95521,134434.57
86,2002-12-25 14:49:16.127339,-75.292755,160.466109,-4098.633000000001
87,2002-12-25 19:26:40.657770,-75.196637,160.796204,10947.266000000001
88,2002-12-26 00:10:03.167138,-75.344999,160.666555,-4930.664
89,2002-12-26 00:52:20.402887,-75.2406,160.770023,50191.406
90,2002-12-26 02:34:14.900722,-75.239437,160.803442,47209.961
91,2002-12-26 03:27:02.218968,-75.288122,161.407733,10600.586
92,2002-12-26 07:06:45.076944,-75.207415,160.894597,67802.734
93,2002-12-26 09:24:29.547296,-75.202678,160.891063,47071.289
94,2002-12-26 15:29:48.795242,-75.335157,160.552173,-4861.328
95,2002-12-28 00:51:20.534798,-75.377964,160.558779,-4930.664
96,2002-12-28 01:21:26.655079,-75.336254,160.849844,-4930.664
97,2002-12-28 02:16:57.980503,-75.37013,160.183048,124034.18000000001
98,2002-12-29 02:36:49.917919,-75.051542,160.535303,10808.594
99,2002-12-29 06:57:23.443030,-75.228405,161.265409,59135.742
100,2002-12-29 14:45:41.984943,-75.150706,160.970538,1170.898
101,2002-12-29 19:01:33.561858,-75.327,161.081939,338.86699999999996
102,2002-12-30 06:57:24.986088,-75.404137,160.64724,-4930.664
103,2002-12-30 07:38:17.617723,-75.312625,161.215051,70784.18000000001
104,2002-12-30 14:45:48.857868,-75.31254,160.976084,3112.3050000000003
105,2002-12-31 03:17:57.064559,-75.361204,161.092115,-354.49199999999996
106,2002-12-31 17:16:24.448486,-75.28311,160.96367,5400.391
107,2002-12-31 18:00:39.957347,-75.359607,160.422074,-4930.664
108,2002-12-31 23:18:11.931668,-75.29796,161.372368,94081.05500000001
109,2003-01-04 00:37:33.301559,-75.005616,160.885855,12888.672
110,2003-01-04 14:21:20.483060,-75.434824,160.846078,-4965.332
111,2003-01-04 20:27:18.150919,-75.253251,160.874978,48388.672
112,2003-01-05 21:31:45.705487,-75.374376,160.769162,-4965.332
113,2003-01-06 02:39:48.770383,-75.403236,160.456111,-4930.664
114,2003-01-07 03:40:48.935753,-75.366552,160.802219,-4965.332
115,2003-01-07 22:39:38.921655,-75.34266,160.740004,-4930.664
116,2003-01-08 16:55:56.839328,-75.253959,160.765206,58650.390999999996
117,2003-01-08 22:43:29.062160,-75.518704,161.166886,-4653.32
118,2003-01-09 05:59:21.325657,-75.375285,160.850764,3181.641
119,2003-01-10 04:34:11.400540,-75.394554,160.81578,-4861.328
120,2003-01-11 08:02:32.337880,-75.327215,161.606415,91931.641
121,2003-01-11 19:53:40.801178,-74.891679,160.838534,64474.609000000004
122,2003-01-12 01:39:33.296340,-75.177166,160.348088,-3682.617
123,2003-01-12 06:59:08.105000,-75.261741,161.14758,10600.586
124,2003-01-12 09:14:51.297386,-75.100382,161.079868,3944.336
125,2003-01-13 02:52:43.435115,-75.284407,160.196466,-4930.664
126,2003-01-13 22:08:21.619468,-75.243624,160.742872,62186.523
127,2003-01-14 03:05:46.528176,-75.366822,160.834526,-4930.664
128,2003-01-14 21:24:46.776330,-75.408382,160.373279,-4861.328
129,2003-01-15 02:43:38.441286,-75.345458,160.749479,-4861.328
130,2003-01-15 11:45:27.547892,-75.252791,161.07326,69813.477
131,2003-01-16 04:21:39.218675,-75.390321,160.807658,-4965.332
132,2003-01-17 01:29:54.362734,-75.430144,160.4026,-4930.664
133,2003-01-18 12:54:26.014431,-75.347704,160.519435,-4930.664
134,2003-01-30 01:03:58.302385,-75.412899,160.426014,-4237.305
135,2003-01-30 14:19:00.987687,-75.163605,160.586748,-3197.266
136,2003-01-31 12:21:34.982280,-75.496152,160.329908,-3197.266
137,2003-02-01 09:02:48.062132,-75.357026,160.726007,-4861.328
138,2003-02-04 22:10:45.484392,-75.260563,160.774998,-4930.664
139,2003-02-06 07:49:07.630236,-75.113622,161.211414,117724.609
140,2003-02-08 07:23:22.985396,-75.386396,160.393273,12264.648
141,2003-02-08 11:07:13.389436,-75.110191,161.948765,62255.859000000004
142,2003-02-08 14:30:19.823602,-75.186601,160.366952,1586.914
143,2003-02-09 08:11:39.065855,-75.417424,160.654593,-4930.664
144,2003-02-09 11:57:04.678776,-75.390674,160.670675,-4930.664
145,2003-02-09 12:42:56.622222,-75.473915,160.83771,-4965.332
146,2003-02-10 00:08:45.385102,-75.371055,160.767302,-4930.664
147,2003-02-10 02:02:49.723769,-75.388161,160.693536,-4965.332
148,2003-02-10 11:41:38.806178,-75.248858,160.959934,44783.203
149,2003-02-11 00:01:40.542990,-75.323052,160.830105,-4930.664
150,2003-02-11 02:54:33.223666,-75.351227,160.381539,-4861.328
151,2003-02-11 03:20:40.977580,-75.247203,160.779808,47071.289
152,2003-02-11 07:05:29.529636,-75.405467,160.821498,-4965.332
153,2003-02-11 11:41:39.983891,-75.423449,160.179967,-3959.961
154,2003-02-11 11:59:09.638086,-75.425959,160.269601,-2503.9060000000004
155,2003-02-11 13:04:14.401484,-75.376765,160.767855,-4930.664
156,2003-02-11 17:19:17.565230,-75.089734,160.514207,8589.844
157,2003-02-11 20:09:53.745242,-75.334783,160.782205,-4930.664
158,2003-02-11 22:46:38.719019,-75.40504,160.81375,-4930.664
159,2003-02-12 03:59:38.337283,-75.340219,160.825698,2002.93
160,2003-02-12 04:26:54.769576,-75.403272,160.631755,-4861.328
161,2003-02-12 22:45:27.883682,-75.028615,160.864159,43951.172
162,2003-02-12 22:54:25.497803,-75.388856,160.736701,-4965.332
163,2003-02-13 08:13:21.478768,-75.31284,160.933229,2002.93
164,2003-02-14 06:04:28.136332,-75.271253,161.023475,61701.172
165,2003-02-15 08:18:41.593558,-75.174753,160.636242,12056.641000000001
166,2003-02-16 08:14:26.067766,-75.310258,160.893135,2072.266
167,2003-02-17 02:48:16.042788,-75.370032,160.432066,-4029.2969999999996
168,2003-02-19 06:51:05.837718,-75.179555,161.061742,46169.922
169,2003-02-23 04:30:29.186801,-75.346954,160.479468,-4029.2969999999996
170,2003-02-23 14:45:04.549060,-75.187594,160.357909,-4861.328
171,2003-02-25 07:10:07.512803,-75.174613,160.66051,11779.297
172,2003-02-27 02:40:04.153193,-75.151193,160.755415,25091.797
173,2003-02-27 03:12:44.960885,-75.170877,160.648042,52826.172
174,2003-02-27 17:32:56.421626,-74.906823,160.851956,29806.641
175,2003-03-02 05:21:02.842965,-75.386158,160.223983,-4861.328
176,2003-11-01 01:10:10.660271,-75.1094,160.739382,54212.890999999996
177,2003-11-11 00:05:08.456364,-75.365864,160.299593,-4930.664
178,2003-11-12 08:52:17.106912,-75.222068,160.31157,-4861.328
179,2003-11-15 07:35:54.608267,-75.164178,160.477614,9283.203
180,2003-11-15 11:31:09.247867,-75.289975,160.450606,10947.266000000001
181,2003-11-15 22:55:45.411793,-75.215755,161.059829,79035.156
182,2003-11-16 04:59:11.137673,-75.148786,160.833969,47972.656
183,2003-11-16 06:50:39.944878,-75.098416,160.665879,8451.172
184,2003-11-16 07:21:29.545304,-75.229834,161.2077,29113.281
185,2003-11-16 12:01:57.587333,-75.24212,160.50189,28558.594
186,2003-11-18 03:49:15.812321,-75.371247,160.136995,-4861.328
187,2003-11-18 12:50:12.870645,-75.254403,160.69202,11224.608999999999
188,2003-11-19 00:05:55.069910,-75.342893,160.328778,-4375.977
189,2003-11-19 10:40:41.722423,-75.39238,160.332123,-4930.664
190,2003-11-20 01:09:29.473606,-75.223021,160.055908,6787.109
191,2003-11-20 01:24:57.192582,-75.41594,160.386149,-4861.328
192,2003-11-22 12:27:53.201788,-75.369597,160.693368,-4930.664
193,2003-11-22 22:10:18.130325,-75.309577,160.991071,962.8910000000001
194,2003-11-23 00:00:12.397797,-75.246446,160.895625,13235.352
195,2003-11-23 03:55:27.382997,-75.280753,160.743328,45060.547
196,2003-11-23 11:51:37.905019,-75.260206,160.036363,-4375.977
197,2003-11-23 22:09:46.008624,-75.385862,160.297827,-4861.328
198,2003-11-24 01:41:36.921648,-74.999162,161.233296,53935.547
199,2003-11-24 05:17:21.313740,-75.209534,161.126052,45060.547
200,2003-11-24 23:09:16.009716,-75.252836,160.792557,58303.711
201,2003-11-25 06:06:21.710345,-75.182244,160.482032,11016.602
202,2003-11-25 09:45:23.937298,-75.309119,160.920579,616.2109999999999
203,2003-11-25 23:04:48.190926,-75.284542,160.581653,-1047.852
204,2003-11-26 07:15:33.353427,-75.255539,160.95761,6717.773
205,2003-11-26 15:30:20.733361,-75.391641,160.897093,-4063.9649999999997
206,2003-11-26 18:52:11.245503,-75.412553,161.004928,-4115.967000000001
207,2003-11-26 22:03:18.122008,-75.393965,160.974339,-4965.332
208,2003-11-27 00:57:06.191565,-75.339289,160.666042,2973.633
209,2003-11-27 02:16:43.768354,-75.362066,160.870156,-4289.307
210,2003-11-27 03:04:58.113493,-74.873957,161.944286,69189.453
211,2003-11-27 05:23:38.634787,-75.377451,160.84714,-337.158
212,2003-11-27 05:56:30.166263,-75.36083,160.840833,-2521.2400000000002
213,2003-11-27 09:56:04.654850,-75.40604,160.729087,-4965.332
214,2003-11-27 14:40:51.858802,-75.392018,160.980282,-4965.332
215,2003-11-27 16:25:06.661380,-75.217481,160.953483,18782.227
216,2003-11-27 16:50:37.560886,-75.412884,161.025011,-4982.666
217,2003-11-27 17:27:24.314277,-75.375995,160.956967,-3439.9410000000003
218,2003-11-27 18:57:33.900106,-75.417699,160.768748,18158.203
219,2003-11-27 19:55:45.109226,-75.378056,160.770672,468.872
220,2003-11-27 20:21:40.123787,-75.394837,160.650263,-4982.666
221,2003-11-27 20:28:39.838145,-75.24327,160.555333,2037.598
222,2003-11-27 21:07:52.783064,-75.124605,160.580472,8659.179999999998
223,2003-11-27 22:55:51.919805,-75.21895,160.47116,6891.112999999999
224,2003-11-28 01:32:02.177580,-75.380386,160.835132,980.225
225,2003-11-28 02:31:26.056642,-75.319908,160.800674,-4965.332
226,2003-11-28 02:54:31.904012,-75.383827,161.059401,-4965.332
227,2003-11-28 06:01:24.027736,-75.401779,160.684776,-4531.982
228,2003-11-28 06:07:15.990910,-75.301885,160.630551,-1914.551
229,2003-11-28 06:32:56.841306,-75.407861,161.028291,-4965.332
230,2003-11-28 08:50:52.212709,-75.311345,160.79983,-4965.332
231,2003-11-28 10:36:31.780286,-75.316794,160.687002,-1082.52
232,2003-11-28 11:36:09.039406,-75.390671,160.845798,694.2139999999999
233,2003-11-28 12:13:26.775112,-75.391309,160.857411,-4991.333
234,2003-11-28 13:16:46.833086,-75.155793,161.055981,11016.602
235,2003-11-28 14:36:54.399689,-75.143898,160.533613,8936.523
236,2003-11-28 17:23:21.933464,-75.338374,160.991982,-4982.666
237,2003-11-28 18:12:23.616158,-75.386375,160.970419,-4965.332
238,2003-11-28 19:38:59.525290,-75.342145,160.858886,-4982.666
239,2003-11-28 20:17:43.431802,-75.337316,160.887155,-4991.333
240,2003-11-29 00:32:27.188522,-75.487918,161.20645,-4791.991999999999
241,2003-11-29 08:45:58.699072,-75.304101,160.815953,2002.93
242,2003-11-29 12:10:47.845205,-75.422988,160.942844,25282.471
243,2003-11-29 21:29:27.680775,-75.229284,160.713343,14778.076000000001
244,2003-11-30 03:38:00.234011,-75.377249,160.877884,-4115.967000000001
245,2003-11-30 06:16:13.810415,-75.364792,160.617622,-4965.332
246,2003-11-30 08:03:13.363804,-75.268089,160.587145,841.553
247,2003-11-30 10:06:01.536174,-75.360866,160.638791,-4965.332
248,2003-11-30 16:56:31.408200,-75.286995,160.568099,21590.332
249,2003-11-30 17:28:04.891326,-75.262921,160.618001,-458.49600000000004
250,2003-11-30 18:45:05.650962,-75.278423,160.654482,-1047.852
251,2003-11-30 20:31:29.097299,-75.355239,161.062222,-4965.332
252,2003-12-01 00:14:10.067501,-75.182792,161.010482,9768.554999999998
253,2003-12-01 05:02:02.749165,-75.273156,160.574588,61.523
254,2003-12-01 16:22:57.234348,-75.154554,161.213488,12958.008
255,2003-12-02 09:03:26.863698,-75.261312,160.730807,997.559
256,2003-12-02 11:34:50.054625,-75.411482,160.884545,-1065.186
257,2003-12-02 13:28:00.244981,-75.423324,160.436045,-2919.922
258,2003-12-02 18:10:10.994333,-75.235535,159.13035,17326.172
259,2003-12-02 19:12:27.022632,-75.198221,160.427028,9664.551
260,2003-12-02 20:02:42.816753,-75.210731,160.496392,2002.93
261,2003-12-03 00:21:11.846942,-75.26965,160.606364,997.559
262,2003-12-03 03:47:51.449202,-75.355561,160.80881,-4930.664
263,2003-12-03 05:22:49.035751,-75.250201,160.504048,-2815.918
264,2003-12-03 06:56:43.153182,-75.010373,160.4885,17638.183999999997
265,2003-12-03 07:31:58.535351,-75.229828,160.957866,13998.047
266,2003-12-03 08:13:14.793833,-75.208345,160.449821,3372.314
267,2003-12-03 11:47:21.588047,-75.261802,160.561432,2002.93
268,2003-12-03 15:38:14.790884,-75.048737,161.168753,47105.956999999995
269,2003-12-03 16:47:19.634434,-75.388786,160.896791,-4965.332
270,2003-12-03 17:27:39.060916,-75.303771,160.792961,997.559
271,2003-12-03 18:40:01.965374,-75.253539,160.177892,26305.176
272,2003-12-03 22:22:28.780677,-75.259539,161.24348,38438.965000000004
273,2003-12-03 23:21:39.427356,-75.382569,160.969999,-943.8480000000001
274,2003-12-04 00:06:45.682721,-75.339254,160.672175,-4514.648
275,2003-12-04 02:43:07.975802,-75.186783,163.263837,22318.359
276,2003-12-04 04:18:30.140883,-75.392992,160.977311,-2607.91
277,2003-12-04 07:48:19.705282,-75.388595,160.889844,-3942.627
278,2003-12-04 10:06:34.090016,-75.318176,160.694788,-2711.914
279,2003-12-04 11:06:22.982603,-75.390418,160.792272,3008.301
280,2003-12-04 12:18:45.442021,-75.174637,161.082426,16979.492000000002
281,2003-12-04 14:22:06.561409,-75.357804,160.792904,13668.701000000001
282,2003-12-04 17:03:45.815214,-75.27655,160.69022,-787.8420000000001
283,2003-12-04 19:57:40.358399,-75.38573,160.891082,1361.5720000000001
284,2003-12-04 20:56:01.801600,-75.305327,160.653047,-1065.186
285,2003-12-04 21:42:25.822412,-75.356841,160.831979,789.551
286,2003-12-04 22:44:02.188886,-75.284055,160.626704,1292.2359999999999
287,2003-12-05 00:52:36.472017,-75.208074,163.27397,19995.605
288,2003-12-05 01:55:02.436633,-75.38684,160.97201,-3821.289
289,2003-12-05 05:10:47.750590,-75.207605,163.301277,22145.02
290,2003-12-05 05:53:06.674993,-75.332772,160.872493,-4965.332
291,2003-12-05 07:45:56.987787,-75.222802,160.249209,7861.816
292,2003-12-05 10:48:34.885718,-75.389192,160.835256,928.2230000000001
293,2003-12-05 11:42:22.244722,-75.391328,160.836242,425.537
294,2003-12-05 12:18:35.858887,-75.380861,160.83518,-441.162
295,2003-12-05 13:51:04.896555,-75.320715,160.491229,-4965.332
296,2003-12-05 17:35:01.368495,-75.379414,160.83811,-1134.521
297,2003-12-05 18:31:18.773822,-75.340252,160.578674,-4965.332
298,2003-12-05 18:43:12.604395,-75.409013,161.000674,-3509.277
299,2003-12-05 19:35:40.042702,-75.242317,160.722932,997.559
300,2003-12-05 21:50:47.250186,-75.298208,160.649355,-753.174
301,2003-12-05 22:50:56.970896,-75.3931,160.961923,-2538.574
302,2003-12-06 00:29:47.761452,-75.298909,160.651712,-1221.1909999999998
303,2003-12-06 00:58:26.879061,-75.338903,160.471174,-3231.9339999999997
304,2003-12-06 01:34:28.391008,-75.210746,163.228946,21451.66
305,2003-12-06 04:28:26.062779,-75.392781,160.973437,-4462.646000000001
306,2003-12-06 05:34:59.258119,-75.374833,160.952995,-2590.576
307,2003-12-06 07:25:31.375551,-75.391997,160.983359,-3370.605
308,2003-12-06 11:13:27.795125,-75.384102,160.849359,-2209.2290000000003
309,2003-12-06 15:36:41.535755,-75.344667,160.800053,2938.965
310,2003-12-06 16:40:26.668829,-75.257922,160.483294,-4757.324
311,2003-12-06 18:03:43.146373,-74.997585,161.413158,48111.328
312,2003-12-06 18:21:56.811876,-75.397087,160.829126,633.5450000000001
313,2003-12-06 18:54:22.949798,-75.250638,160.763363,997.559
314,2003-12-06 20:32:10.363626,-75.410024,160.889017,-2070.557
315,2003-12-06 21:17:04.884776,-75.398667,160.84238,-2399.902
316,2003-12-06 22:16:18.350167,-75.208392,163.024163,29633.301
317,2003-12-07 01:27:41.621485,-75.392309,160.831723,356.20099999999996
318,2003-12-07 06:12:00.455650,-75.374141,160.843726,737.549
319,2003-12-07 18:39:52.471252,-75.081736,160.893677,4013.6719999999996
320,2003-12-07 20:49:45.338293,-75.331829,160.834823,2020.2640000000001
321,2003-12-08 02:36:20.011909,-75.417493,161.140458,-4965.332
322,2003-12-08 07:18:38.398806,-75.348886,160.847297,2990.967
323,2003-12-09 07:17:02.126134,-75.304828,160.208372,26235.84
324,2003-12-10 04:03:42.417444,-75.210475,160.452262,1968.262
325,2003-12-10 07:32:24.951342,-75.391177,160.859322,460.205
326,2003-12-11 05:27:52.472638,-75.200248,163.313047,7549.805
327,2003-12-11 10:00:45.857118,-75.229023,160.503148,2020.2640000000001
328,2003-12-11 16:01:52.233819,-75.064222,160.146154,-4965.332
329,2003-12-12 07:59:42.177676,-75.191413,163.35486,5019.043
330,2003-12-14 10:47:39.127489,-75.386946,160.851189,252.197
331,2003-12-14 19:16:34.080616,-75.331683,160.387821,-458.49600000000004
332,2003-12-15 13:04:53.183148,-75.26354,160.592104,-2018.555
333,2003-12-15 16:53:01.902869,-75.390485,160.819221,460.205
334,2003-12-15 17:46:56.949824,-75.197483,160.381383,1968.262
335,2003-12-15 19:55:12.831545,-75.311441,160.784525,2037.598
336,2003-12-15 20:44:45.128250,-75.400793,160.881113,-3405.273
337,2003-12-16 06:00:00.761417,-75.377434,160.831371,-4072.6319999999996
338,2003-12-17 04:10:44.177477,-75.375407,160.794639,-4531.982
339,2003-12-21 05:27:08.490857,-75.501993,161.796339,2037.598
340,2003-12-21 14:17:43.477471,-75.465172,161.647003,7047.119000000001
341,2003-12-22 09:00:34.448735,-75.087187,160.673185,19215.575999999997
342,2003-12-23 07:47:45.513698,-75.390124,160.838429,21867.676
343,2003-12-23 12:04:02.614703,-75.383309,160.824656,17690.186
344,2003-12-23 14:27:17.179417,-75.35689,161.187625,22543.700999999997
345,2003-12-23 16:15:45.539466,-75.231586,159.887277,36358.887
346,2003-12-25 20:20:12.466342,-75.4918,160.940299,6717.773
347,2003-12-29 05:52:55.258900,-75.383829,160.854717,1309.57
348,2003-12-30 10:14:08.407654,-75.384172,160.838594,1638.916
349,2003-12-30 16:41:12.831670,-75.393717,160.834945,564.209
350,2012-11-23 17:28:53.574321,-75.453743,161.069128,13998.047
351,2012-11-27 17:56:13.602091,-75.356047,160.469421,-458.49600000000004
352,2012-11-28 16:12:26.754487,-75.336846,160.501693,-1359.863
353,2012-11-30 08:57:53.376569,-75.428044,160.539796,-4410.6449999999995
354,2012-12-01 06:12:10.474781,-75.310374,161.0126,-4930.664
355,2012-12-02 03:58:28.853007,-75.380046,160.428196,-4965.332
356,2012-12-03 13:02:40.707969,-75.419027,160.333933,-4930.664
357,2012-12-05 11:04:41.189598,-75.381496,160.259852,-4982.666
358,2012-12-07 02:14:47.345451,-75.293048,160.404957,128194.336
359,2012-12-08 06:13:30.687876,-75.516394,159.795752,48354.004
360,2012-12-08 11:11:35.298196,-75.235654,160.641556,121884.766
361,2012-12-09 03:33:02.905930,-75.228287,160.759702,135682.617
362,2012-12-09 05:43:07.007142,-75.420535,160.772109,139842.773
363,2012-12-09 16:53:43.333434,-75.304235,160.454741,113079.102
364,2012-12-13 19:13:31.010338,-75.416874,160.279816,-4965.332
365,2012-12-13 20:36:00.394450,-75.345141,161.421825,123479.492
366,2012-12-14 14:56:47.554855,-75.564519,159.971721,63885.254
367,2012-12-16 14:00:49.890551,-75.308744,160.407622,113044.434
368,2012-12-18 11:34:51.640185,-75.361058,160.514361,133186.523
369,2012-12-18 11:35:21.957448,-75.375205,160.863059,115505.859
370,2012-12-19 02:24:21.212125,-75.524489,161.276374,60037.109000000004
371,2012-12-20 14:44:30.112098,-75.26553,160.152626,109612.30500000001
372,2012-12-21 09:31:58.340015,-75.459024,160.330477,-4930.664
373,2012-12-23 13:25:38.270121,-75.369539,160.994698,54420.898
374,2012-12-27 00:05:04.284347,-75.312062,160.043433,-4063.9649999999997
375,2012-12-28 01:12:48.942347,-75.402298,161.195622,125143.55500000001
376,2012-12-28 06:16:16.363946,-75.41609,160.455549,131141.11299999998
377,2012-12-28 08:55:52.109023,-75.355624,160.458639,120567.383
378,2012-12-28 11:07:52.371686,-75.424187,160.351255,-4965.332
379,2012-12-31 07:33:17.302594,-75.247755,160.981166,130274.414
380,2012-12-31 17:49:54.921018,-75.458634,160.769646,114188.477
381,2013-01-01 16:39:50.631019,-75.368702,160.508823,119180.66399999999
382,2013-01-01 21:49:11.597183,-75.280312,160.269571,120290.03899999999
383,2013-01-04 04:52:41.677118,-75.346537,160.365858,135959.96099999998
384,2013-01-04 09:11:10.169932,-75.39275,161.011162,-4965.332
385,2013-01-06 11:35:30.770476,-75.622518,160.3855,65375.977000000006
386,2013-01-06 15:03:03.974908,-75.406092,160.353085,-4965.332
387,2013-01-06 15:40:52.666818,-75.434307,160.322623,-4930.664
388,2013-01-07 06:03:11.747890,-75.399867,160.557517,129373.04700000002
389,2013-01-07 10:23:10.031440,-75.476595,160.628946,64266.602000000006
390,2013-01-09 13:58:57.526847,-75.358244,161.167051,122196.777
391,2013-01-11 17:13:55.885441,-75.387447,160.565722,129303.711
392,2013-01-13 16:54:15.501986,-75.377514,161.198665,134711.91400000002
393,2013-01-13 18:58:10.195226,-75.701731,160.083161,71616.21100000001
394,2013-01-14 10:36:36.420056,-75.222615,160.753071,126946.28899999999
395,2013-01-16 22:48:59.944003,-75.338509,161.071017,117655.273
396,2013-01-17 18:06:40.750953,-75.263416,160.074671,141680.17599999998
397,2013-01-19 16:09:07.749271,-75.244662,160.420529,-4982.666
398,2013-01-20 02:05:32.953385,-75.415694,160.623597,114604.492
399,2013-01-20 11:50:14.169898,-75.282265,160.257469,121538.08600000001
400,2013-01-21 22:50:06.748232,-75.411314,161.011726,116961.91399999999
401,2013-01-23 10:33:38.428371,-75.347885,161.090538,113217.773
402,2013-01-24 13:24:50.744433,-75.225674,160.719862,146707.031
403,2013-01-24 13:27:07.417241,-75.630323,160.088836,30083.984
404,2013-01-24 14:10:47.830969,-75.281147,161.101023,125698.242
405,2013-01-24 18:30:32.264727,-75.346572,161.010552,113633.78899999999
406,2013-01-24 21:00:09.443986,-75.310792,160.265375,133186.523
407,2013-01-27 19:41:00.987033,-75.430156,161.165165,128263.67200000002
408,2013-01-28 16:55:22.911881,-75.494608,161.632235,102470.703
409,2013-01-28 21:46:18.665115,-75.315813,161.049983,128887.695
410,2013-01-30 04:34:13.843628,-75.550213,160.134451,18712.891
411,2013-01-30 04:34:14.719692,-75.34683,160.504016,123271.484
412,2013-01-30 10:27:01.750009,-75.46196,160.418839,-4549.316
413,2013-01-31 08:34:52.581672,-75.28631,160.196577,137901.367
414,2013-02-01 17:02:42.401691,-75.379902,161.137416,123479.492
415,2013-02-02 23:51:34.114716,-75.200217,160.677981,100459.96100000001
416,2013-02-05 22:20:34.106150,-75.401816,160.351249,-4930.664
417,2013-02-06 21:01:57.386334,-75.373993,160.589204,105729.492
418,2013-02-07 02:12:24.205511,-75.467945,161.080087,72725.58600000001
419,2013-02-08 02:22:45.208029,-75.301149,160.295371,122647.46100000001
420,2013-02-10 05:24:15.605730,-75.446361,160.494944,-4965.332
421,2013-02-11 13:25:35.938654,-75.237992,160.37052,-4791.991999999999
422,2013-02-15 23:40:51.375537,-75.293686,160.258181,121954.102
423,2013-02-15 23:41:22.222099,-75.338995,160.234942,-3093.262
424,2013-02-18 10:26:59.049738,-75.257346,160.178109,127119.629
425,2013-02-26 07:35:28.739182,-75.562863,160.518237,71754.883
426,2013-02-28 12:14:53.219908,-75.266629,160.239702,124831.54299999999
427,2013-03-01 03:49:17.290903,-75.191582,161.227241,142824.219
428,2013-03-01 06:11:43.448234,-75.330543,160.524195,-4930.664
429,2013-03-01 06:11:45.023281,-75.234155,160.141754,119388.672
430,2013-03-02 03:11:24.326111,-75.294182,160.365272,119388.672
431,2013-03-03 20:47:40.791470,-75.36728,161.043639,136653.32
432,2013-03-04 12:30:09.969924,-75.394393,160.413864,-4965.332
433,2013-03-06 09:30:14.219709,-75.391377,160.447511,-3717.285
434,2013-03-08 14:23:39.846785,-75.397239,160.465664,-4982.666
435,2013-03-12 12:37:54.341609,-75.284046,160.022217,126044.922
436,2013-03-14 03:06:58.284778,-75.306612,161.006052,125975.58600000001
437,2013-03-15 10:48:23.223004,-75.408946,160.456546,-4930.664
438,2013-03-16 11:30:45.986924,-75.52905,161.516361,95883.78899999999
439,2013-03-17 13:32:44.510088,-75.25612,160.121596,616.2109999999999
440,2013-03-17 17:41:42.678324,-75.390745,160.658365,130829.102
441,2013-03-20 17:45:47.591428,-75.236794,160.608133,129442.383
442,2013-03-21 19:03:47.450528,-75.241725,160.154359,129373.04700000002
443,2013-03-22 23:50:43.948963,-75.361251,161.085973,122786.133
444,2013-03-24 17:17:25.919170,-75.348576,160.534856,122855.469
445,2013-03-24 22:06:54.990074,-75.422676,161.266089,131522.46099999998
446,2013-03-25 10:04:31.575818,-75.538713,160.75262,139565.43
447,2013-03-30 23:42:53.428787,-75.273205,161.142861,125836.91399999999
448,2013-04-01 17:55:18.406593,-75.375292,160.989191,118903.31999999999
449,2013-04-02 05:45:05.680516,-75.26506,160.274715,125975.58600000001
450,2013-04-02 11:56:45.805840,-75.51157,160.495462,-1463.867
451,2013-04-02 12:11:38.640245,-75.285818,160.318833,121122.06999999999
452,2013-04-05 11:39:58.793534,-75.26511,160.262506,135543.945
453,2013-04-08 12:28:51.107039,-75.387175,161.181407,120290.03899999999
454,2013-04-10 08:32:26.901286,-75.494592,160.557674,-4965.332
455,2013-04-10 08:39:57.817495,-75.267903,160.277948,132978.516
456,2013-04-10 15:16:18.513699,-75.287951,160.263939,126114.258
457,2013-04-14 11:28:27.501749,-75.226932,160.668203,135266.602
458,2013-04-15 21:53:14.063298,-75.354316,160.992995,126807.617
459,2013-04-17 21:05:01.742297,-75.42682,160.400816,-4965.332
460,2013-04-18 14:15:21.452512,-75.189404,160.734735,123826.172
461,2013-04-20 10:59:31.966800,-75.493112,160.473849,-3162.598
462,2013-04-26 22:59:50.184553,-75.252913,160.780361,143032.227
463,2013-04-28 15:42:19.009999,-75.373419,160.368508,-3214.6
464,2013-05-04 22:12:28.279251,-75.365045,160.141266,-4965.332
465,2013-05-10 11:41:33.600261,-75.412073,160.166979,-631.8359999999999
466,2013-05-15 04:17:04.132967,-75.387991,160.79973,140120.117
467,2013-05-18 08:44:16.086683,-75.19076,161.324391,146707.031
468,2013-05-24 19:26:23.423490,-75.35208,160.403095,116545.898
469,2013-05-26 02:59:08.389780,-75.21212,160.593859,134850.58599999998
470,2013-05-27 20:46:12.015467,-75.419675,161.040444,116060.547
471,2013-05-28 01:15:12.571335,-75.476103,160.867355,141714.844
472,2013-05-28 20:22:39.761035,-75.5506,160.831585,113564.453
473,2013-06-03 06:39:35.094367,-75.596271,160.836274,116060.547
474,2013-06-04 18:40:28.293848,-75.308727,160.184109,-4965.332
475,2013-06-13 12:30:07.803702,-75.257804,160.182712,137208.008
476,2013-06-14 03:27:42.407534,-75.208314,160.593538,131938.477
477,2013-06-15 02:24:32.424938,-75.301045,160.319846,158286.133
478,2013-06-18 11:47:32.482698,-75.378468,161.0757,117932.617
479,2013-06-20 15:21:45.277957,-75.298606,160.703708,-4965.332
480,2013-06-25 05:40:30.748942,-75.388732,161.224711,117655.273
481,2013-06-26 09:44:16.050187,-75.547278,160.902818,129442.383
482,2013-06-30 03:47:25.074626,-75.226019,160.485403,145250.977
483,2013-07-01 06:54:48.870194,-75.667606,160.037471,63711.914
484,2013-07-04 05:55:04.206832,-75.306434,161.030529,129026.367
485,2013-07-07 07:50:38.382730,-75.156689,160.237579,129303.711
486,2013-07-11 09:34:36.995913,-75.196684,160.449709,143378.906
487,2013-07-15 20:34:07.048703,-75.24472,160.114892,134850.58599999998
488,2013-07-20 03:37:50.910397,-75.315917,160.400484,128887.695
489,2013-08-01 03:13:56.196507,-75.353647,160.952987,106769.531
490,2013-08-04 22:47:25.558964,-75.304238,160.635348,104689.453
491,2013-08-10 20:25:22.114280,-74.997032,160.168026,163416.992
492,2013-08-12 11:40:24.793722,-75.293298,160.349917,136653.32
493,2013-08-17 04:23:14.406871,-75.305228,160.228292,132631.83599999998
494,2013-08-18 05:50:24.409741,-75.278879,160.886797,139704.102
495,2013-08-21 13:32:51.721281,-75.287181,160.21803,120498.047
496,2013-08-22 10:30:30.909696,-75.436504,160.364461,-4965.332
497,2013-08-25 05:05:31.057196,-75.321683,160.388641,122786.133
498,2013-08-28 15:40:46.200796,-75.422076,160.397386,-4965.332
499,2013-08-31 10:41:07.995461,-75.499825,160.116175,60661.133
500,2013-08-31 15:20:24.551299,-75.384793,160.325454,61.523
501,2013-09-01 04:46:38.063311,-75.035899,159.917595,139704.102
502,2013-09-04 13:41:36.331022,-75.397841,160.278592,-4965.332
503,2013-09-06 19:26:21.461164,-75.432752,160.351848,-4965.332
504,2013-09-07 09:33:05.598926,-75.377804,160.28961,-4965.332
505,2013-09-08 01:31:10.817805,-75.429553,160.375549,-4982.666
506,2013-09-11 07:26:55.427735,-75.452721,160.459893,65791.992
507,2013-09-13 19:48:36.547402,-75.389663,160.407361,-4965.332
508,2013-09-13 21:13:05.317798,-75.481809,161.255253,81184.56999999999
509,2013-09-16 14:59:02.348360,-75.299168,160.313601,131106.445
510,2013-09-17 00:42:27.063026,-75.379618,160.311262,-4965.332
511,2013-09-17 15:21:33.086274,-75.545312,160.597701,79659.18000000001
512,2013-09-20 19:00:47.133303,-75.489499,160.433277,-4965.332
513,2013-09-21 03:08:21.017895,-75.390174,160.399702,-4930.664
514,2013-09-23 00:46:20.747436,-75.562407,160.60541,87840.81999999999
515,2013-09-23 04:34:47.502766,-75.504831,161.456899,97131.83600000001
516,2013-09-23 22:15:49.037721,-75.382149,160.385275,-4965.332
517,2013-09-24 21:39:05.208343,-75.333032,160.757496,141090.82
518,2013-09-25 13:08:55.029409,-75.601411,160.421445,78965.81999999999
519,2013-09-27 14:32:26.174087,-75.389173,160.302661,-4479.9800000000005
520,2013-09-28 22:03:20.387508,-75.578165,161.11196,99211.91399999999
521,2013-09-29 09:00:33.913195,-75.465612,161.008625,73626.953
522,2013-10-02 03:51:07.713418,-75.411784,160.641754,136098.633
523,2013-10-03 03:54:08.133879,-75.436018,160.881719,138525.391
524,2013-10-03 12:51:20.206341,-75.519775,161.024125,80075.19499999999
525,2013-10-04 20:58:24.762688,-75.399399,160.46198,123202.148
526,2013-10-05 23:05:56.634669,-75.351948,160.777739,133186.523
527,2013-10-10 08:48:40.214266,-75.376144,161.130806,128333.008
528,2013-10-11 08:26:28.875529,-75.48029,161.08465,160435.54700000002
529,2013-10-11 13:43:08.989553,-75.398191,160.465738,-4982.666
530,2013-10-13 05:08:54.966118,-75.409619,160.414982,-943.8480000000001
531,2013-10-13 05:16:24.681095,-75.238724,160.193811,157454.102
532,2013-10-13 06:27:18.446116,-75.223843,160.095526,111831.05500000001
533,2013-10-13 07:34:14.464235,-75.545005,161.437811,88256.83600000001
534,2013-10-13 10:50:16.536208,-75.409359,160.126755,8173.828
535,2013-10-14 23:20:15.597531,-75.367306,160.404198,124450.19499999999
536,2013-10-15 02:54:01.986177,-75.349917,160.720733,-4965.332
537,2013-10-16 22:08:54.888565,-75.30816,160.430543,116961.91399999999
538,2013-10-19 02:14:15.301039,-75.399747,160.388072,-4930.664
539,2013-10-19 12:25:18.317392,-75.38092,161.248338,124172.852
540,2013-10-19 17:07:21.442846,-75.401647,160.278836,-2122.5589999999997
541,2013-10-22 03:16:43.438185,-75.200746,160.167296,124727.53899999999
542,2013-10-22 05:09:23.569590,-75.432392,161.242651,122231.44499999999
543,2013-10-22 07:59:25.048326,-75.406456,160.266818,1968.262
544,2013-10-22 23:23:44.693209,-75.426167,160.785004,154264.648
545,2013-10-22 23:29:26.587083,-75.332478,160.518216,130690.43
546,2013-10-24 03:25:17.361005,-75.425015,160.379084,-3370.605
547,2013-10-24 08:03:14.551076,-75.457075,161.252032,112108.398
548,2013-10-24 15:24:42.321104,-75.422297,160.348039,-4965.332
549,2013-10-26 00:22:06.023923,-75.49354,159.235549,110305.66399999999
550,2013-10-26 19:04:22.550188,-75.391318,160.459822,-4965.332
551,2013-10-27 00:33:58.134616,-75.359155,160.514209,134018.555
552,2013-10-27 14:11:15.634716,-75.280435,160.239019,149133.78900000002
553,2013-10-29 02:04:26.026188,-75.305275,160.216051,143586.91400000002
554,2013-10-30 16:44:32.313639,-75.579229,159.788429,45788.574
555,2013-10-31 09:50:27.614861,-75.349914,160.458204,122231.44499999999
556,2013-10-31 09:52:52.553511,-75.352931,160.20048,-1047.852
557,2013-11-02 18:42:40.738659,-75.413393,160.987289,53866.211
558,2013-11-04 10:42:46.846720,-75.411075,160.301022,-1498.5349999999999
559,2013-11-04 17:21:22.483159,-75.432643,160.376539,-4965.332
560,2013-11-04 17:48:11.704770,-75.369028,160.538055,-4965.332
561,2013-11-06 04:45:42.385911,-75.653327,160.98949,96022.46100000001
562,2013-11-08 16:52:59.904381,-75.421407,160.216868,-1879.883
563,2013-11-09 23:39:20.952041,-75.373513,160.400035,2800.293
564,2013-11-10 02:39:19.038338,-75.338414,160.372961,-3578.613
565,2013-11-12 05:38:09.705002,-75.409277,161.029995,131938.477
566,2013-11-13 09:57:46.377724,-75.427599,161.359359,5885.741999999999
567,2013-11-13 21:42:30.339258,-75.399247,160.492773,477.539
568,2013-11-17 06:40:51.205860,-75.318305,160.290359,139842.773
569,2013-11-17 10:43:14.101070,-75.394121,160.369193,-4930.664
570,2013-11-18 19:02:46.231552,-75.421633,160.280123,-1498.5349999999999
571,2013-11-20 03:16:06.361899,-75.430339,160.359398,-4514.648
572,2013-11-21 15:48:46.390680,-75.563634,161.144468,30083.984
573,2013-11-25 07:03:23.720717,-75.348698,160.68531,-631.8359999999999
574,2013-11-25 19:40:20.802992,-75.401454,160.325036,-4965.332
575,2013-11-29 12:56:19.774414,-75.409402,160.357939,-4930.664
576,2013-12-01 22:28:16.274109,-75.538777,160.892577,123548.828
577,2013-12-03 06:01:14.714922,-75.424966,160.667613,10184.570000000002
578,2013-12-04 23:13:00.269473,-75.257713,160.207118,139565.43
579,2013-12-07 05:25:38.234755,-75.353035,160.294146,-4965.332
580,2013-12-11 13:07:49.841045,-75.409212,160.903576,122994.141
581,2013-12-11 18:55:41.684793,-75.261543,160.201239,130690.43
582,2013-12-12 16:58:49.764716,-75.437219,160.514296,112385.742
583,2013-12-16 05:52:23.591406,-75.317848,160.394495,127778.31999999999
584,2013-12-16 16:55:33.415658,-75.399806,160.263316,-4965.332
585,2013-12-18 09:42:45.309817,-75.298043,160.353302,132978.516
586,2013-12-18 21:25:45.558274,-75.374394,160.841445,119319.33600000001
587,2013-12-18 21:31:18.261793,-75.493417,161.455253,106977.53899999999
588,2013-12-22 16:51:10.437176,-75.402063,160.973696,143309.57
589,2013-12-25 20:50:32.061590,-75.276343,160.684854,141645.508
590,2013-12-26 16:20:36.339619,-75.309577,160.991071,118279.297
591,2013-12-28 21:28:53.218673,-75.420957,160.327895,-2711.914
592,2013-12-29 06:01:14.446804,-75.325709,160.339883,95606.44499999999
593,2013-12-29 18:18:15.258983,-75.354068,160.384812,-4930.664
594,2013-12-31 10:53:42.157773,-75.445736,160.524251,-4861.328
595,2013-12-31 10:54:14.869394,-75.385426,160.496304,-4965.332
596,2014-01-01 08:58:41.165037,-75.338722,160.836288,-4965.332
597,2014-01-03 15:56:54.864382,-75.323558,160.394905,128610.352
598,2014-01-03 22:03:54.455559,-75.427415,160.374625,962.8910000000001
599,2014-01-05 08:20:27.089168,-75.355472,160.489342,113772.46100000001
600,2014-01-07 00:18:13.619134,-75.409208,160.40108,-4930.664
601,2014-01-07 21:00:55.060588,-75.370811,161.080952,116407.227
602,2014-01-08 08:48:36.894060,-75.305652,160.111997,-4930.664
603,2014-01-10 07:45:34.848269,-75.340338,160.46975,129165.039
604,2014-01-11 04:46:06.935789,-75.29338,160.992329,99211.91399999999
605,2014-01-12 16:31:16.077404,-75.391236,161.379032,123895.508
606,2014-01-15 00:10:56.944643,-75.504375,160.980462,71512.20700000001
607,2014-01-16 02:34:48.986327,-75.605669,160.99658,101014.648
608,2014-01-22 04:47:19.018297,-75.355772,161.054603,140813.477
609,2014-01-22 21:36:47.913306,-75.390203,160.393546,-4930.664
610,2014-01-23 12:04:11.583960,-75.332989,160.413982,137346.68
611,2014-01-24 00:22:14.099721,-75.310092,160.424562,126391.602
612,2014-01-24 19:12:53.400284,-75.411135,159.834004,54420.898
613,2014-01-25 10:26:19.745680,-75.311498,161.116879,132493.16400000002
614,2014-01-26 04:05:04.204902,-75.403071,160.389851,-4965.332
615,2014-01-29 07:02:13.597837,-75.355858,160.409511,129581.055
616,2014-01-29 07:06:50.036130,-75.343549,160.163103,-4930.664
617,2014-01-31 07:36:43.592717,-75.360498,160.926077,119458.008
618,2014-01-31 19:32:47.535296,-75.293077,160.398841,130135.742
619,2014-02-01 06:17:30.140001,-75.314549,160.277864,118903.31999999999
620,2014-02-01 17:49:28.860786,-75.261788,160.134106,134295.898
621,2014-02-06 16:06:25.814493,-75.401273,160.468285,114465.81999999999
622,2014-02-07 14:31:28.535961,-75.426807,161.649499,92694.33600000001
623,2014-02-10 01:42:07.111018,-75.334619,160.650285,100806.641
624,2014-02-10 09:00:27.825216,-75.265159,160.250298,105729.492
625,2014-02-13 02:38:54.259427,-75.329435,160.358533,141368.16400000002
626,2014-02-13 19:50:33.989596,-75.40683,160.499534,141922.852
627,2014-02-13 23:43:02.204783,-75.365933,160.66844,-493.164
628,2014-02-14 07:08:52.776843,-75.423168,160.648936,108364.258
629,2014-02-15 21:05:21.223899,-75.372225,160.470666,165.52700000000002
630,2014-02-17 06:15:08.502428,-75.399113,160.693004,138525.391
631,2014-02-17 09:55:23.852672,-75.331479,160.527337,128818.35899999998
632,2014-02-18 10:20:19.595606,-75.382206,160.260666,128263.67200000002
633,2014-02-23 08:39:39.771373,-75.320079,160.321115,124588.867
634,2014-02-23 15:23:24.924425,-75.396315,160.507943,128541.01600000002
635,2014-02-24 02:18:38.603088,-75.301123,160.30149,111969.727
636,2014-02-24 20:26:53.219574,-75.563981,160.966919,103233.398
637,2014-02-27 01:46:04.701674,-75.450053,160.608062,129303.711
638,2014-03-01 12:01:40.786580,-75.416691,160.777903,121815.43000000001
639,2014-03-05 23:32:15.605218,-75.329948,160.235923,127223.633
640,2014-03-06 11:48:16.840002,-75.394919,160.90514,144280.273
641,2014-03-07 20:56:09.792472,-75.466627,160.080359,43673.828
642,2014-03-08 20:07:28.477301,-75.334978,160.395724,113217.773
643,2014-03-10 08:41:13.094520,-75.289804,160.276287,127916.992
644,2014-03-14 13:37:54.793201,-75.368415,160.564136,123895.508
645,2014-03-16 09:33:14.783002,-75.275713,160.229565,135197.266
646,2014-03-19 13:08:19.450933,-75.436872,160.278018,-4965.332
647,2014-03-20 20:28:14.076029,-75.479606,160.765499,122924.80500000001
648,2014-03-21 01:52:31.012997,-75.391407,160.441355,-4965.332
649,2014-03-22 00:06:57.202738,-75.364005,160.969487,108225.58600000001
650,2014-03-29 02:35:09.674559,-75.376908,160.386439,93387.69499999999
651,2014-03-29 04:40:27.645416,-75.310614,160.308235,123895.508
652,2014-03-30 07:06:52.428636,-75.550835,160.794259,122994.141
653,2014-03-31 00:25:14.133160,-75.407745,160.408679,-4965.332
654,2014-04-01 22:31:32.503383,-75.465328,160.912653,67872.06999999999
655,2014-04-03 13:39:35.872112,-75.532011,160.167635,61493.164
656,2014-04-03 21:01:18.789543,-75.398531,160.628258,127362.30500000001
657,2014-04-06 19:19:13.121524,-75.325783,161.455913,137069.33599999998
658,2014-04-08 18:28:52.256748,-75.339049,160.997427,117932.617
659,2014-04-10 08:03:26.009417,-75.372221,160.564453,121260.742
660,2014-04-13 03:07:09.773191,-75.404102,160.653401,121815.43000000001
661,2014-04-15 03:05:21.400999,-75.50301,161.835313,107532.227
662,2014-04-15 10:23:12.994905,-75.367173,160.779224,141922.852
663,2014-04-15 10:26:03.628964,-75.404223,160.936949,122647.46100000001
664,2014-04-17 13:52:42.391720,-75.384268,161.064069,127362.30500000001
665,2014-04-20 14:29:46.080928,-75.394793,160.615611,131938.477
666,2014-04-21 22:52:34.603238,-75.332342,160.101142,-4930.664
667,2014-04-23 11:58:11.995323,-75.293298,160.349917,120290.03899999999
668,2014-04-26 02:47:27.740991,-75.386475,161.267529,130690.43
669,2014-04-27 00:01:59.266083,-75.270795,160.26897,145528.32
670,2014-04-28 05:20:07.925405,-75.174092,160.894168,137901.367
671,2014-04-28 16:01:54.440317,-75.342301,160.457626,134018.555
672,2014-04-28 21:47:50.771843,-75.35648,160.956368,113911.133
673,2014-04-30 08:57:31.286819,-75.564812,160.842388,81739.258
674,2014-05-04 03:31:06.070789,-75.338785,160.395997,119596.68000000001
675,2014-05-05 09:43:47.828049,-75.327279,160.413566,114049.80500000001
676,2014-05-05 10:13:57.286900,-75.345218,161.188472,130551.758
677,2014-05-07 13:02:01.713659,-75.346374,160.830922,-4965.332
678,2014-05-09 04:52:38.677082,-75.313318,160.54119,145112.305
679,2014-05-10 17:58:51.598115,-75.394283,160.332252,-4930.664
680,2014-05-10 20:15:35.889958,-75.518944,161.423208,99523.926
681,2014-05-11 23:11:48.527912,-75.309678,160.044849,147885.742
682,2014-05-13 06:43:02.004875,-75.361151,160.495932,121260.742
683,2014-05-13 09:25:15.245107,-75.550112,160.906234,99697.266
684,2014-05-14 06:30:03.130631,-75.392214,160.732401,158147.46099999998
685,2014-05-16 19:17:55.134520,-75.483747,160.710132,88395.508
686,2014-05-18 16:50:38.696773,-75.416049,161.015348,110513.672
687,2014-05-21 01:18:46.243211,-75.648032,159.88303,51855.469
688,2014-05-21 18:08:39.499539,-75.35931,160.483498,117655.273
689,2014-05-22 07:10:59.684364,-75.313631,160.479955,149688.477
690,2014-05-24 12:03:35.372805,-75.371905,161.185657,122508.78899999999
691,2014-05-24 15:03:41.066001,-75.480881,160.864755,133602.53900000002
692,2014-05-24 22:37:23.109067,-75.354619,160.128409,-4687.987999999999
693,2014-05-26 04:23:55.976904,-75.369797,160.269107,-3405.273
694,2014-05-29 01:42:40.198704,-75.437273,160.835518,115852.53899999999
695,2014-05-30 09:47:06.514512,-75.416137,161.00302,125490.234
696,2014-05-30 14:54:21.330444,-75.596474,161.323416,87216.797
697,2014-05-31 03:42:53.421288,-75.412808,160.789858,93526.367
698,2014-05-31 18:05:11.292314,-75.329801,160.272707,49983.398
699,2014-05-31 18:16:44.917319,-75.272869,160.226339,164803.71099999998
700,2014-06-01 01:52:10.331577,-75.4259,160.670783,61978.515999999996
701,2014-06-01 11:41:05.621055,-75.424545,161.025575,149688.477
702,2014-06-01 20:41:53.157740,-75.36599,160.268866,-4930.664
703,2014-06-03 20:49:33.819297,-75.319058,160.088195,-3821.289
704,2014-06-05 12:39:59.035393,-75.411989,160.604773,109612.30500000001
705,2014-06-06 12:05:41.645775,-75.344438,160.40868,121676.758
706,2014-06-08 16:46:16.414368,-75.3354,161.104404,122994.141
707,2014-06-11 10:56:29.471599,-75.307419,161.379787,126946.28899999999
708,2014-06-11 20:07:28.773329,-75.453859,160.608392,-4930.664
709,2014-06-13 14:53:56.952647,-75.34753,160.356718,107740.234
710,2014-06-18 08:24:33.326002,-75.361435,161.061407,120983.398
711,2014-06-18 08:29:17.242396,-75.284989,160.025318,-4930.664
712,2014-06-19 21:34:42.278701,-75.338343,160.488005,127223.633
713,2014-06-22 12:38:40.344417,-75.424364,161.050245,70368.16399999999
714,2014-06-26 09:03:43.269023,-75.325458,161.158413,128679.688
715,2014-06-27 19:03:12.418042,-75.293325,160.343802,121399.41399999999
716,2014-06-28 22:47:10.281322,-75.224177,160.473081,-4930.664
717,2014-06-30 02:34:23.636432,-75.331654,160.28509,119180.66399999999
718,2014-07-01 00:12:24.362035,-75.390952,160.621436,126668.94499999999
719,2014-07-02 07:48:36.491677,-75.42747,161.143222,97686.523
720,2014-07-02 13:34:24.314381,-75.418633,160.60843,116892.578
721,2014-07-05 01:35:43.185179,-75.364775,161.12328,111969.727
722,2014-07-07 05:17:04.290084,-75.338417,161.083282,128333.008
723,2014-07-10 00:19:03.213474,-75.286333,160.190464,129442.383
724,2014-07-10 19:12:32.154427,-75.306512,160.375315,131522.46099999998
725,2014-07-10 19:14:03.333032,-75.220666,159.876213,141784.18
726,2014-07-10 19:16:27.750554,-75.296954,160.002936,-4965.332
727,2014-07-11 12:53:03.324812,-75.384,161.22103,112177.734
728,2014-07-12 02:35:25.884095,-75.424832,161.235502,113633.78899999999
729,2014-07-12 19:12:17.179692,-75.31833,160.284233,142893.555
730,2014-07-16 09:11:45.475410,-75.401123,161.445124,61423.828
731,2014-07-16 09:29:49.143361,-75.221233,161.09091,145736.32799999998
732,2014-07-16 22:36:33.601873,-75.388193,161.400169,120636.719
733,2014-07-21 10:04:22.035240,-75.25347,160.688884,119041.992
734,2014-07-22 06:47:59.613732,-75.414911,161.283584,118209.96100000001
735,2014-07-23 03:10:52.843350,-75.285406,160.410519,116407.227
736,2014-07-25 03:13:12.257251,-75.2837,160.3676,120706.05500000001
737,2014-07-27 01:52:48.597380,-75.264252,160.937183,142962.891
738,2014-07-27 07:54:39.154912,-75.427475,160.877736,140536.133
739,2014-07-27 23:48:04.978914,-75.397868,161.383029,98310.547
740,2014-07-31 03:14:13.619859,-75.322925,160.070006,-4930.664
741,2014-08-03 03:16:54.063398,-75.403146,160.474592,111969.727
742,2014-08-03 07:38:18.138933,-75.421603,160.496076,-4965.332
743,2014-08-05 08:27:40.265221,-75.390584,161.231107,130413.086
744,2014-08-05 11:24:13.321953,-75.542558,159.80126,44991.211
745,2014-08-06 23:00:09.600067,-75.561446,160.919912,110791.016
746,2014-08-10 23:42:45.264919,-75.298739,160.760334,127639.648
747,2014-08-13 16:16:17.116236,-75.457866,161.153138,102540.03899999999
748,2014-08-18 07:14:17.687145,-75.33301,160.907794,132423.82799999998
749,2014-08-18 17:31:40.048935,-75.395378,160.680341,108849.609
750,2014-08-26 15:10:22.138584,-75.582756,161.134357,52826.172
751,2014-08-29 21:55:06.320305,-75.542366,161.518341,63573.242
752,2014-08-30 01:33:50.183985,-75.29032,160.377236,134642.57799999998
753,2014-08-30 18:03:56.917608,-75.20123,161.091608,147053.71099999998
754,2014-08-31 07:49:36.640527,-75.445685,160.706575,121954.102
755,2014-09-03 02:10:21.094832,-75.399793,161.269267,119458.008
756,2014-09-03 03:15:28.140667,-75.439246,160.489749,-4930.664
757,2014-09-03 15:28:37.517381,-75.402898,160.523874,101985.352
758,2014-09-07 17:01:16.103440,-75.449791,160.475123,-4861.328
759,2014-09-09 02:09:35.581032,-75.305229,160.932412,115297.852
760,2014-09-09 21:01:17.615598,-75.366892,160.490235,119180.66399999999
761,2014-09-11 07:11:55.984094,-75.476731,160.604184,-3543.9449999999997
762,2014-09-19 03:44:16.255583,-75.349973,160.445927,115575.19499999999
763,2014-09-19 22:04:56.497424,-75.392506,160.683158,126668.94499999999
764,2014-09-23 04:35:06.258049,-75.29302,160.411072,134989.258
765,2014-09-23 09:20:19.885728,-75.231708,160.665583,125490.234
766,2014-09-23 15:47:58.796420,-75.278409,160.269451,123063.477
767,2014-09-26 14:44:07.128705,-75.43088,161.523498,121607.422
768,2014-09-28 11:17:12.608302,-75.399369,160.468138,130274.414
769,2014-09-29 12:49:20.294117,-75.34104,160.985373,137624.023
770,2014-10-01 02:50:34.662474,-75.364135,160.649837,128749.023
771,2014-10-01 07:34:02.716649,-75.272845,160.232446,130690.43
772,2014-10-01 14:49:25.526926,-75.345761,160.325902,115367.188
773,2014-10-02 01:37:37.107062,-75.336738,160.426527,113495.117
774,2014-10-02 01:38:57.848752,-75.300645,159.866938,3389.648
775,2014-10-05 14:47:23.796074,-75.319843,161.019799,117377.93000000001
776,2014-10-07 12:06:42.923245,-75.490015,160.775813,102470.703
777,2014-10-17 00:07:41.739178,-75.44628,160.601554,110860.352
778,2014-10-19 18:31:43.166546,-75.36424,160.098199,-4965.332
779,2014-10-23 22:07:15.991807,-75.471645,160.820451,116407.227
780,2014-10-25 10:51:23.371362,-75.495872,161.393568,135266.602
781,2014-10-26 12:11:38.115911,-75.370032,160.432066,122716.797
782,2014-10-26 22:48:07.788018,-75.352081,160.172795,100806.641
783,2014-10-28 20:27:44.145838,-75.582945,161.109422,92208.984
784,2014-11-01 18:39:14.678641,-75.35366,160.470774,124311.523
785,2014-11-02 20:51:32.559645,-75.305144,160.94465,131522.46099999998
786,2014-11-03 01:14:27.899874,-75.48499,160.961248,132978.516
787,2014-11-04 01:11:35.698933,-75.295438,160.295,124450.19499999999
788,2014-11-08 12:01:14.989314,-75.413582,160.660416,13651.367
789,2014-11-10 05:55:17.926365,-75.347367,161.032135,121607.422
790,2014-11-10 13:28:54.907033,-75.339112,160.322387,117932.617
791,2014-11-14 09:18:56.967737,-75.385913,160.394777,-4965.332
792,2014-11-14 13:42:07.062838,-75.448433,159.745678,10669.922
793,2014-11-14 21:52:43.389070,-75.517346,161.545691,112247.06999999999
794,2014-11-16 23:40:57.884569,-75.473183,161.142642,65098.63300000001
795,2014-11-17 08:09:28.295860,-75.414817,160.316687,-4965.332
796,2014-11-20 12:31:30.931690,-75.402102,161.442181,124866.21100000001
797,2014-11-20 18:02:44.718445,-75.581193,160.956366,131938.477
798,2014-11-21 19:52:16.369435,-75.366819,161.105079,147608.398
799,2014-11-24 13:46:48.704738,-75.367234,161.049784,121122.06999999999
800,2014-11-24 14:11:33.876062,-75.453099,160.480018,-4965.332
801,2014-11-24 18:50:16.699971,-75.405157,160.795269,127223.633
802,2014-12-02 07:50:45.700947,-75.440183,160.492911,36324.219
803,2014-12-08 01:37:52.429970,-75.55468,160.934746,84512.69499999999
804,2014-12-11 10:55:31.191077,-75.269365,160.885806,135821.28900000002
805,2014-12-12 04:43:29.470042,-75.267213,160.077915,147227.05099999998
806,2014-12-14 13:36:02.072929,-75.433286,160.538682,-4930.664
807,2014-12-14 22:02:46.277147,-75.443381,160.919574,53103.515999999996
808,2014-12-15 20:09:41.643856,-75.357299,160.1777,-4549.316
809,2014-12-15 21:13:12.991948,-75.260133,160.842111,106561.523
810,2014-12-20 07:58:31.322431,-75.576262,161.111729,96299.80500000001
811,2014-12-21 02:51:15.933812,-75.443295,160.786691,68565.43000000001
812,2014-12-21 14:27:59.805060,-75.346398,160.396544,115852.53899999999
813,2014-12-22 19:20:42.300660,-75.412287,160.105333,-909.18
814,2014-12-23 16:07:37.917305,-75.416324,160.406222,-3093.262
815,2014-12-26 01:52:26.449508,-75.341334,160.460621,156691.406
816,2014-12-26 06:34:05.518684,-75.376983,160.471032,-4965.332
817,2014-12-28 17:59:15.331089,-75.351588,160.594982,11536.621000000001
818,2014-12-29 23:29:31.395591,-75.297647,160.438945,130482.42200000002
819,2014-12-30 22:43:23.150789,-75.379181,160.409674,-4965.332
820,2015-01-03 15:52:34.033382,-75.31475,160.095632,-4965.332
821,2015-01-04 09:38:00.118447,-75.410749,160.137619,12021.973
822,2015-01-05 03:42:06.175456,-75.378255,160.974137,78064.453
823,2015-01-05 09:23:59.376860,-75.560346,160.941595,86592.773
824,2015-01-05 23:14:49.174644,-75.376684,160.329522,-4965.332
825,2015-01-07 18:00:16.988245,-75.360802,160.563503,115575.19499999999
826,2015-01-10 22:09:37.743503,-75.376839,161.038589,106284.18000000001
827,2015-01-11 15:08:11.289889,-75.380393,161.195949,140466.79700000002
828,2015-01-13 10:45:10.705469,-75.442117,160.486885,-4861.328
829,2015-01-15 06:43:08.756913,-75.246685,160.096701,133879.883
830,2015-01-16 08:01:44.208763,-75.550088,161.11011,99107.91
831,2015-01-17 11:52:46.032703,-75.36364,160.373201,-4930.664
832,2015-01-18 06:46:47.756885,-75.583939,160.972269,75845.703
833,2015-01-20 01:11:57.399813,-75.480799,160.509286,-4982.666
834,2015-01-20 10:04:09.937796,-75.432158,160.140339,-2642.578
835,2015-01-23 20:02:57.684516,-75.512124,161.386528,89435.547
836,2015-01-25 03:51:21.045920,-75.309966,160.792037,92416.992
837,2015-01-26 10:42:40.564677,-75.379515,161.186607,139565.43
838,2015-01-26 10:42:54.444314,-75.124234,159.400891,12958.008
839,2015-01-27 04:35:09.566412,-75.515989,160.73179,110444.33600000001
840,2015-01-27 14:51:04.174722,-75.301324,160.252538,-4930.664
841,2015-01-28 07:47:08.317686,-75.287901,160.276166,123479.492
842,2015-01-29 18:39:51.469508,-75.408512,160.542822,105868.16399999999
843,2015-01-30 06:07:15.936133,-75.332055,160.115693,-4982.666
844,2015-01-30 18:21:37.136115,-75.393543,160.011976,-4930.664
845,2015-01-30 18:21:37.934127,-75.320308,160.477408,111068.359
846,2015-01-31 10:44:33.957768,-75.395637,160.349282,96.191
847,2015-01-31 14:32:43.776440,-75.40683,160.499534,110028.31999999999
848,2015-02-01 12:06:51.769489,-75.404107,160.316741,-4982.666
849,2015-02-01 21:12:04.575299,-75.317323,160.108784,-4982.666
850,2015-02-02 09:17:16.012168,-75.242438,160.218412,145805.66400000002
851,2015-02-03 19:21:21.287351,-75.317474,159.983958,-4098.633000000001
852,2015-02-04 16:41:16.835568,-75.263837,160.091481,119596.68000000001
853,2015-02-04 16:46:43.348842,-75.379996,160.534334,110999.023
854,2015-02-05 09:03:48.327678,-75.275396,160.049306,134573.242
855,2015-02-05 23:23:45.618367,-75.250744,160.017614,125975.58600000001
856,2015-02-06 13:20:26.839732,-75.440981,160.319984,125628.906
857,2015-02-07 03:59:08.759254,-75.460638,160.587326,-4029.2969999999996
858,2015-02-11 10:11:48.328895,-75.524197,159.921799,43673.828
859,2015-02-12 05:48:36.435007,-75.343443,160.417815,121330.078
860,2015-02-13 13:00:42.960674,-75.376242,160.203392,-4965.332
861,2015-02-13 13:05:02.717415,-75.288642,160.07441,119874.023
862,2015-02-14 04:40:02.273791,-75.394188,161.009785,111553.71100000001
863,2015-02-14 15:22:33.870614,-75.31493,160.179872,127223.633
864,2015-02-14 23:51:20.920717,-75.391693,160.379799,-3717.285
865,2015-02-15 19:32:02.312420,-75.392162,160.381371,-4930.664
866,2015-02-17 13:48:21.978519,-75.38873,161.44644,119319.33600000001
867,2015-02-18 02:05:49.955775,-75.495156,160.540668,95537.109
868,2015-02-19 18:16:38.495015,-75.252227,160.14579,136930.66400000002
869,2015-02-22 02:20:04.833796,-75.409589,160.314796,-3959.961
870,2015-02-24 00:44:42.423749,-75.327365,160.395178,119041.992
871,2015-02-24 01:34:47.335253,-75.306676,160.33859,135543.945
872,2015-02-25 04:08:24.557795,-75.234198,160.12957,140189.45299999998
873,2015-02-25 20:40:14.807697,-75.472746,161.198329,92971.68000000001
874,2015-02-25 21:16:44.567757,-75.355683,160.446357,114188.477
875,2015-02-26 03:03:11.989449,-75.337439,160.267057,121954.102
876,2015-03-01 16:49:14.463716,-75.33846,160.121401,-4965.332
877,2015-03-02 18:11:02.911613,-75.482171,160.812221,51716.797
878,2015-03-04 06:41:22.072254,-75.550954,160.193618,50399.414
879,2015-03-06 21:15:42.569093,-75.404407,160.409977,-3197.266
880,2015-03-06 22:55:39.274223,-75.40399,160.496228,117724.609
881,2015-03-07 01:36:07.815618,-75.436314,160.298054,-4930.664
882,2015-03-07 21:26:11.299165,-75.388256,161.039903,106006.83600000001
883,2015-03-08 09:43:45.593715,-75.544123,159.728221,47521.973000000005
884,2015-03-09 13:26:04.350255,-75.400783,160.129371,20723.632999999998
885,2015-03-11 16:14:27.306324,-75.314013,160.400347,123479.492
886,2015-03-11 16:27:00.252203,-75.381479,160.523686,-3925.293
887,2015-03-11 21:03:23.270588,-75.188034,159.978276,142477.53900000002
888,2015-03-12 14:29:53.760919,-75.372469,160.690557,137416.016
889,2015-03-14 00:50:01.594193,-75.358434,160.468069,133255.859
890,2015-03-14 17:02:13.022251,-75.551249,160.878341,86176.758
891,2015-03-15 12:29:37.224123,-75.461184,160.26876,51786.133
892,2015-03-17 20:35:20.381678,-75.532817,160.069778,58199.706999999995
893,2015-03-18 12:20:04.634814,-75.333964,160.760652,155998.04700000002
894,2015-03-18 12:20:46.628275,-75.465391,160.163832,46377.93
895,2015-03-18 19:41:20.252477,-75.390099,160.913865,147400.391
896,2015-03-19 14:39:55.715322,-75.561321,160.792191,40969.727
897,2015-03-21 19:37:52.019663,-75.375115,161.013781,12958.008
898,2015-03-27 20:15:23.203083,-75.359664,160.409788,125282.227
899,2015-03-29 14:33:27.205058,-75.395019,160.481662,-3301.27
900,2015-03-30 15:13:43.049870,-75.342241,160.469896,135405.273
901,2015-03-30 17:39:30.887751,-75.284266,160.233139,137624.023
902,2015-03-31 02:39:25.652052,-75.229549,160.228305,-4965.332
903,2015-04-01 04:58:13.280040,-75.567697,160.294305,85067.383
904,2015-04-02 04:31:14.445635,-75.274958,160.177587,101291.992
905,2015-04-05 05:20:39.267226,-75.406962,160.423262,-4982.666
906,2015-04-05 05:22:26.187905,-75.3652,160.447074,127223.633
907,2015-04-07 00:06:42.505948,-75.388781,160.282627,-4930.664
908,2015-04-07 13:19:38.674024,-75.304497,160.399662,118209.96100000001
909,2015-04-09 09:40:57.520763,-75.409179,160.407243,-77.148
910,2015-04-10 04:53:04.033554,-75.371965,160.201602,-4930.664
911,2015-04-11 00:40:52.842902,-75.37699,160.255724,-4965.332
912,2015-04-11 02:29:07.680732,-75.415716,160.329082,-4479.9800000000005
913,2015-04-11 03:18:02.534129,-75.455757,161.406532,119735.352
914,2015-04-13 04:54:30.816569,-75.471934,161.055789,79797.852
915,2015-04-13 17:38:04.134020,-75.447012,160.553714,54455.566
916,2015-04-14 00:13:11.099690,-75.51394,159.831368,61631.836
917,2015-04-16 10:23:23.425349,-75.246407,160.296401,-3717.285
918,2015-04-18 17:26:21.722207,-75.246918,160.023535,119180.66399999999
919,2015-04-18 21:33:42.938058,-75.376051,160.252589,-4965.332
920,2015-04-19 10:17:05.928385,-75.417724,160.304544,-1914.551
921,2015-04-21 02:42:17.929425,-75.345673,160.543829,121954.102
922,2015-04-21 12:13:20.631043,-75.538801,160.373246,-4375.977
923,2015-04-21 13:40:10.862219,-75.582523,161.03762,94497.06999999999
924,2015-04-22 17:29:31.491661,-75.39869,160.303288,-4965.332
925,2015-04-23 15:37:53.732878,-75.203854,160.857732,106076.172
926,2015-04-24 06:34:43.841976,-75.419601,160.310838,-3093.262
927,2015-04-25 11:57:36.898637,-75.384749,160.219282,-1914.551
928,2015-04-26 09:11:10.372387,-75.30236,160.231179,130759.76600000002
929,2015-04-26 20:51:12.156444,-75.40365,160.254315,-4965.332
930,2015-04-27 07:49:28.376835,-75.426289,160.305111,-2746.582
931,2015-04-30 23:07:52.735228,-75.38401,160.39464,-4965.332
932,2015-05-01 00:06:37.702831,-75.377309,160.294191,-2157.227
933,2015-05-01 14:36:44.990248,-75.557329,161.096974,96577.148
934,2015-05-04 05:45:45.231535,-75.50014,160.396859,-4965.332
935,2015-05-04 11:25:35.369773,-75.352917,160.696444,-4965.332
936,2015-05-05 21:50:23.528824,-75.372004,160.310757,-4965.332
937,2015-05-06 06:31:54.797127,-75.391197,160.484444,-1151.855
938,2015-05-07 15:07:54.492133,-75.396575,160.352426,-4965.332
939,2015-05-07 16:31:05.022458,-75.296134,161.133402,111831.05500000001
940,2015-05-09 06:34:22.467275,-75.496466,161.433978,122439.453
941,2015-05-10 03:55:49.742932,-75.530748,159.755818,55010.254
942,2015-05-10 13:55:16.594896,-75.354484,161.220352,127223.633
943,2015-05-10 18:02:58.341912,-75.483956,159.831883,26166.504
944,2015-05-10 23:25:59.594611,-75.42817,161.050688,66069.33600000001
945,2015-05-13 04:30:11.031089,-75.395441,160.492474,104481.44499999999
946,2015-05-13 15:52:22.368506,-75.308762,160.295866,124450.19499999999
947,2015-05-14 05:29:16.235484,-75.347743,160.307616,103580.078
948,2015-05-15 10:45:41.466068,-75.369114,159.894035,42633.789
949,2015-05-16 02:06:32.160584,-75.225083,160.482285,-4861.328
950,2015-05-16 17:51:30.536943,-75.354758,160.624431,109750.977
951,2015-05-17 20:32:35.852016,-75.311297,161.260836,126322.266
952,2015-05-18 15:11:39.915159,-75.4524,160.697925,-4861.328
953,2015-05-18 15:12:43.008651,-75.255285,160.335114,139565.43
954,2015-05-19 22:02:24.293525,-75.642317,160.199057,63295.898
955,2015-05-20 00:40:53.682411,-75.38764,160.5288,127362.30500000001
956,2015-05-20 22:41:04.863978,-75.341094,160.304109,110860.352
957,2015-05-21 11:31:34.101638,-75.346524,160.256889,-4965.332
958,2015-05-21 20:26:44.374680,-75.450253,160.570984,-4930.664
959,2015-05-22 07:07:03.810738,-75.561613,160.89501,89990.234
960,2015-05-25 14:41:14.605804,-75.526713,160.043062,78133.78899999999
961,2015-05-28 05:02:53.164456,-75.34833,160.390543,124866.21100000001
962,2015-05-28 15:25:59.735011,-75.320407,160.241468,-4930.664
963,2015-06-01 07:52:31.185186,-75.218517,161.194107,168617.188
964,2015-06-01 20:58:26.592352,-75.336383,160.170368,-4965.332
965,2015-06-02 23:51:10.316160,-75.314689,161.310304,136583.984
966,2015-06-02 23:51:14.862752,-75.300527,160.778869,110166.992
967,2015-06-03 05:08:06.356740,-75.428709,160.404039,-4965.332
968,2015-06-07 19:42:05.483502,-75.32047,160.092863,-1151.855
969,2015-06-08 12:57:19.579947,-75.514206,159.688596,52340.82
970,2015-06-10 03:14:56.761435,-75.322927,159.991095,-4982.666
971,2015-06-10 03:15:56.201831,-75.303441,160.197578,125698.242
972,2015-06-10 14:22:08.856147,-75.338964,160.552486,137138.67200000002
973,2015-06-10 17:54:07.390261,-75.384826,161.236528,127916.992
974,2015-06-12 18:14:45.472344,-75.297272,160.192628,-4965.332
975,2015-06-13 16:30:28.666291,-75.392648,160.658536,1448.242
976,2015-06-14 02:17:44.238363,-75.319401,160.468145,107670.898
977,2015-06-14 22:19:10.177279,-75.380301,160.811276,134711.91400000002
978,2015-06-17 03:46:49.277925,-75.466246,160.770389,121815.43000000001
979,2015-06-18 00:30:47.573481,-75.258788,160.402488,134573.242
980,2015-06-18 19:21:47.118802,-75.37002,161.059332,-3197.266
981,2015-06-22 00:43:05.957103,-75.368735,160.677916,135474.609
982,2015-06-23 14:07:05.620776,-75.432741,161.199458,126530.273
983,2015-06-25 06:28:47.953266,-75.424773,160.431525,-4965.332
984,2015-06-26 03:53:23.296873,-75.340185,160.500422,128610.352
985,2015-06-28 16:47:02.354328,-75.278223,161.109847,116337.891
986,2015-06-30 19:41:18.928210,-75.379499,160.338941,-4965.332
987,2015-07-03 02:36:13.155119,-75.371085,161.044078,124588.867
988,2015-07-04 10:29:57.962114,-75.367872,160.662466,127916.992
989,2015-07-07 15:43:33.727960,-75.40107,161.343404,132077.148
990,2015-07-10 13:27:42.654241,-75.420061,160.05639,56362.305
991,2015-07-10 14:58:36.156092,-75.367715,160.312009,-4930.664
992,2015-07-12 13:34:43.631068,-75.335708,160.090583,53346.191
993,2015-07-13 21:36:52.083471,-75.324911,161.106222,133879.883
994,2015-07-15 08:33:00.841426,-75.487236,159.568643,56882.324
995,2015-07-16 12:30:07.786467,-75.285548,160.379958,132909.18
996,2015-07-18 07:11:31.879438,-75.266661,161.245917,121676.758
997,2015-07-20 05:20:59.175828,-75.304156,160.131813,-4826.660000000001
998,2015-07-21 23:36:41.084721,-75.261425,160.231754,134018.555
999,2015-07-23 12:58:41.071367,-75.305106,160.258895,126114.258
1000,2015-07-23 14:12:21.700168,-75.412702,161.816986,110513.672
1001,2015-07-25 15:45:38.413833,-75.434058,161.153294,115783.203
1002,2015-07-26 05:08:16.935045,-75.46519,160.335538,-1775.879
1003,2015-07-26 22:49:34.069740,-75.340688,160.396134,142477.53900000002
1004,2015-07-28 08:59:25.235534,-75.291908,160.444635,133671.875
1005,2015-07-29 02:53:42.688233,-75.291979,160.849925,9941.895
1006,2015-07-30 08:45:19.625338,-75.481771,160.874142,132146.484
1007,2015-07-30 15:01:26.162052,-75.388699,160.978374,-4930.664
1008,2015-08-02 06:21:22.195894,-75.259091,160.335371,138178.71099999998
1009,2015-08-04 20:48:16.601684,-75.456382,160.825095,54698.242
1010,2015-08-05 00:13:11.126598,-75.257535,160.802172,129373.04700000002
1011,2015-08-12 14:05:42.038127,-75.401843,160.345089,-4653.32
1012,2015-08-13 10:27:46.277013,-75.344409,160.414817,137762.695
1013,2015-08-13 10:27:47.505765,-75.442327,161.067786,116337.891
1014,2015-08-15 18:02:42.134732,-75.421403,160.624096,124727.53899999999
1015,2015-08-15 18:03:56.113298,-75.363141,159.992132,22110.352
1016,2015-08-17 19:24:52.516888,-75.400144,161.448067,100182.617
1017,2015-08-19 11:50:45.174209,-75.426512,160.559731,-4861.328
1018,2015-08-19 11:53:10.571224,-75.419399,160.460428,101916.016
1019,2015-08-19 16:37:27.352800,-75.414711,160.935003,4152.344
1020,2015-08-21 03:31:17.609574,-75.357103,160.448,-666.504
1021,2015-08-21 08:55:25.550459,-75.251017,160.618501,182345.70299999998
1022,2015-08-24 15:20:39.292767,-75.458248,160.49743,-4930.664
1023,2015-08-25 03:46:44.543588,-75.421567,161.39557,127362.30500000001
1024,2015-08-26 01:44:43.258980,-75.344607,160.371862,110444.33600000001
1025,2015-09-02 04:07:40.420776,-75.391934,160.430618,141922.852
1026,2015-09-02 11:31:44.186686,-75.248485,160.127288,118209.96100000001
1027,2015-09-06 05:21:09.062200,-75.257382,160.39781,-4965.332
1028,2015-09-08 17:10:27.323347,-75.439077,160.426416,-4965.332
1029,2015-09-11 18:13:00.160808,-75.444451,161.392581,79936.523
1030,2015-09-15 16:01:59.457614,-75.271592,161.338215,188239.258
1031,2015-09-17 18:46:20.979482,-75.514566,161.433457,106006.83600000001
1032,2015-09-19 00:37:02.590470,-75.386616,160.344043,-4930.664
1033,2015-09-19 12:51:05.423823,-75.419408,160.241423,68704.102
1034,2015-09-22 12:02:44.818324,-75.295827,160.607076,-4930.664
1035,2015-09-22 18:08:16.200770,-75.603318,161.058791,122786.133
1036,2015-09-24 08:45:01.635596,-75.448998,160.337522,-4965.332
1037,2015-09-24 08:46:53.562290,-75.389617,160.310387,-4861.328
1038,2015-10-01 18:26:18.553672,-75.570493,160.045209,14483.398
1039,2015-10-01 18:26:21.912591,-75.247979,160.261435,112524.41399999999
1040,2015-10-05 09:42:09.176185,-75.435826,161.0454,111415.03899999999
1041,2015-10-07 05:17:51.949692,-75.240446,161.068776,131869.141
1042,2015-10-07 05:57:47.016860,-75.53553,159.743526,54108.887
1043,2015-10-08 04:04:12.757123,-75.514412,159.832936,42668.456999999995
1044,2015-10-14 09:10:08.568793,-75.242474,160.919602,121122.06999999999
1045,2015-10-17 03:07:22.563723,-75.469451,160.936313,69362.79299999999
1046,2015-10-21 23:05:53.240162,-75.505336,161.171426,86176.758
1047,2015-10-22 02:42:38.519007,-75.395344,160.463979,-4982.666
1048,2015-10-23 00:10:15.391844,-75.268193,160.204682,137138.67200000002
1049,2015-10-24 04:41:23.681372,-75.380463,161.063625,113633.78899999999
1050,2015-10-27 09:15:39.282689,-75.42347,161.395836,109612.30500000001
1051,2015-10-28 02:33:53.704615,-75.566687,161.565604,111831.05500000001
1052,2015-10-28 13:41:02.477678,-75.531577,161.448326,100598.633
1053,2015-10-30 01:39:45.695204,-75.346126,160.106465,-4965.332
1054,2015-10-31 17:16:32.019047,-75.540348,161.530486,106422.852
1055,2015-11-01 14:50:45.787509,-75.292155,160.582292,126530.273
1056,2015-11-01 17:55:50.486013,-75.411812,161.196819,119041.992
1057,2015-11-02 06:49:56.686195,-75.439415,160.549995,-3717.285
1058,2015-11-03 11:36:36.284900,-75.444931,160.672512,109126.953
1059,2015-11-03 12:17:26.086572,-75.282447,160.527984,134330.566
1060,2015-11-04 02:21:22.676041,-75.278532,160.238902,131245.117
1061,2015-11-07 08:02:24.110380,-75.57881,159.758799,25715.82
1062,2015-11-07 20:40:41.658493,-75.447032,160.872057,67698.73
1063,2015-11-08 18:28:14.284244,-75.400422,160.343451,-4965.332
1064,2015-11-09 23:32:54.484471,-75.34651,160.371996,125282.227
1065,2015-11-11 01:11:18.037957,-75.402006,160.414423,-4965.332
1066,2015-11-11 19:43:56.541848,-75.365478,160.57926,-4306.641
1067,2015-11-11 19:44:02.290315,-75.286573,160.875367,28073.242000000002
