Event Index Number,Reproduced depth (km),Depth with STAR (km),,Abs. Diff. in Depth,Is Abs. Diff <= 20 km?,,Ho etal IDE Event,Wei IDE Event,Ho etal Shallow Event,Wei Shallow Event,
228,-4.912109,49.316406,,54.228515,,,,,YES,,
229,-4.824219,6.953125,,11.777344,YES,,,,YES,YES,
232,-4.912109,-4.912109,,0,YES,,,,YES,YES,
265,1.855469,-2.011719,,3.867188,YES,,,,YES,YES,
266,0.273438,0.273438,,0,YES,,,,YES,YES,
267,0.449219,-1.220703,,1.669922,YES,,,,YES,YES,
268,0.009766,0.888672,,0.878906,YES,,,,YES,YES,
269,58.632812,55.117188,,3.515624,YES,,,,,,
271,1.152344,1.943359,,0.791015,YES,,,,YES,YES,
272,27.695312,29.101562,,1.40625,YES,,,,,,
273,-4.824219,45.097656,,49.921875,,,,,YES,,
274,-4.912109,-4.824219,,0.08789,YES,,,,YES,YES,
275,-4.824219,-4.824219,,0,YES,,,,YES,YES,
276,27.519531,-3.505859,,31.02539,,,,,,YES,
277,-4.824219,-4.912109,,0.08789,YES,,,,YES,YES,
281,31.914062,-4.824219,,36.738281,,,,,,YES,
282,2.998047,2.998047,,0,YES,,,,YES,YES,
283,-4.648438,-4.648438,,0,YES,,,,YES,YES,
284,1.943359,22.246094,,20.302735,,,,,YES,,
285,46.503906,-4.824219,,51.328125,,,,,,YES,
286,-4.824219,1.152344,,5.976563,YES,,,,YES,YES,
287,-0.605469,-4.912109,,4.30664,YES,,,,YES,YES,
288,-0.429688,14.863281,,15.292969,YES,,,,YES,YES,
289,-0.341797,-4.956055,,4.614258,YES,,,,YES,YES,
290,-1.835938,12.050781,,13.886719,YES,,,,YES,YES,
291,-4.824219,47.382812,,52.207031,,,,,YES,,
292,-4.824219,-4.912109,,0.08789,YES,,,,YES,YES,
293,2.207031,42.285156,,40.078125,,,,,YES,,
294,0.405273,0.493164,,0.087891,YES,,,,YES,YES,
295,-1.660156,-0.913086,,0.74707,YES,,,,YES,YES,
296,56.347656,57.578125,,1.230469,YES,,,,,,
297,-1.791992,-1.748047,,0.043945,YES,,,,YES,YES,
298,-3.945312,51.074219,,55.019531,,,,,YES,,
299,-4.648438,40.175781,,44.824219,,,,,YES,,
300,-4.824219,-4.824219,,0,YES,,,,YES,YES,
301,-0.166016,-0.517578,,0.351562,YES,,,,YES,YES,
302,45.449219,-4.912109,,50.361328,,,,,,YES,
303,45.800781,-4.824219,,50.625,,,,,,YES,
304,-4.648438,-4.824219,,0.175781,YES,,,,YES,YES,
305,1.855469,1.064453,,0.791016,YES,,,,YES,YES,
307,45.097656,42.460938,,2.636718,YES,,,,,,
308,-4.912109,-4.912109,,0,YES,,,,YES,YES,
310,1.943359,2.998047,,1.054688,YES,,,,YES,YES,
311,-0.253906,-2.626953,,2.373047,YES,,,,YES,YES,
312,55.820312,57.226562,,1.40625,YES,,,,,,
313,0.888672,0.493164,,0.395508,YES,,,,YES,YES,
314,1.152344,-3.769531,,4.921875,YES,,,,YES,YES,
315,-1.396484,-1.791992,,0.395508,YES,,,,YES,YES,
316,-0.517578,-1.572266,,1.054688,YES,,,,YES,YES,
317,1.064453,1.152344,,0.087891,YES,,,,YES,YES,
318,-0.166016,-0.297852,,0.131836,YES,,,,YES,YES,
320,-4.824219,3.261719,,8.085938,YES,,,,YES,YES,
321,2.470703,2.998047,,0.527344,YES,,,,YES,YES,
322,2.910156,2.910156,,0,YES,,,,YES,YES,
323,2.910156,2.998047,,0.087891,YES,,,,YES,YES,
324,-4.912109,-4.824219,,0.08789,YES,,,,YES,YES,
325,0.800781,-2.539062,,3.339843,YES,,,,YES,YES,
326,0.405273,0.668945,,0.263672,YES,,,,YES,YES,
327,1.767578,1.28418,,0.483398,YES,,,,YES,YES,
328,1.152344,-1.660156,,2.8125,YES,,,,YES,YES,
329,-4.824219,10.292969,,15.117188,YES,,,,YES,YES,
330,-1.660156,-1.791992,,0.131836,YES,,,,YES,YES,
331,1.855469,6.074219,,4.21875,YES,,,,YES,YES,
332,-1.396484,-0.341797,,1.054687,YES,,,,YES,YES,
333,0.361328,-4.033203,,4.394531,YES,,,,YES,YES,
334,-1.044922,-0.297852,,0.74707,YES,,,,YES,YES,
335,0.449219,-2.802734,,3.251953,YES,,,,YES,YES,
336,1.855469,2.998047,,1.142578,YES,,,,YES,YES,
337,1.152344,-2.451172,,3.603516,YES,,,,YES,YES,
338,-4.384766,-2.802734,,1.582032,YES,,,,YES,YES,
339,-4.384766,-3.374023,,1.010743,YES,,,,YES,YES,
340,-0.957031,2.998047,,3.955078,YES,,,,YES,YES,
341,0.800781,1.152344,,0.351563,YES,,,,YES,YES,
342,6.074219,13.105469,,7.03125,YES,,,,YES,YES,
344,0.888672,0.712891,,0.175781,YES,,,,YES,YES,
345,27.958984,14.599609,,13.359375,YES,,,,,YES,
346,42.285156,19.785156,,22.5,,,,,,YES,
347,1.064453,0.888672,,0.175781,YES,,,,YES,YES,
348,0.712891,1.108398,,0.395507,YES,,,,YES,YES,
349,1.943359,1.679688,,0.263671,YES,,,,YES,YES,
350,0.537109,0.668945,,0.131836,YES,,,,YES,YES,
352,-4.648438,-4.824219,,0.175781,YES,,,,YES,YES,
353,36.132812,-4.824219,,40.957031,,,,,,YES,
354,114.882812,-4.824219,,119.707031,,,YES,,,YES,Original IDE swithed to shallow event
356,113.828125,-4.912109,,118.740234,,,YES,,,YES,Original IDE swithed to shallow event
357,108.378906,108.378906,,0,YES,,YES,YES,,,
358,-4.824219,-4.824219,,0,YES,,,,YES,YES,
359,116.113281,116.113281,,0,YES,,YES,YES,,,
360,-4.648438,-0.957031,,3.691407,YES,,,,YES,YES,
362,132.285156,132.285156,,0,YES,,YES,YES,,,
363,-4.824219,-4.824219,,0,YES,,,,YES,YES,
365,-4.824219,-4.824219,,0,YES,,,,YES,YES,
366,120.332031,-4.824219,,125.15625,,,YES,,,YES,Original IDE swithed to shallow event
367,-4.824219,-4.912109,,0.08789,YES,,,,YES,YES,
368,104.511719,104.511719,,0,YES,,YES,YES,,,
369,128.417969,128.417969,,0,YES,,YES,YES,,,
370,124.726562,-4.648438,,129.375,,,YES,,,YES,Original IDE swithed to shallow event
372,103.457031,103.457031,,0,YES,,YES,YES,,,
373,104.335938,-4.824219,,109.160157,,,YES,,,YES,Original IDE swithed to shallow event
374,-4.648438,-4.824219,,0.175781,YES,,,,YES,YES,
375,117.167969,117.519531,,0.351562,YES,,YES,YES,,,
376,112.773438,91.679688,,21.09375,,,YES,YES,,,
377,123.496094,-4.824219,,128.320313,,,YES,,,YES,Original IDE swithed to shallow event
378,-4.824219,-4.824219,,0,YES,,,,YES,YES,
379,-4.648438,-4.824219,,0.175781,YES,,,,YES,YES,
382,115.761719,115.761719,,0,YES,,YES,YES,,,
386,116.289062,-4.912109,,121.201171,,,YES,,,YES,Original IDE swithed to shallow event
387,-4.912109,-4.912109,,0,YES,,,,YES,YES,
389,124.199219,124.023438,,0.175781,YES,,YES,YES,,,
390,122.617188,-4.912109,,127.529297,,,YES,,,YES,Original IDE swithed to shallow event
391,122.089844,-4.912109,,127.001953,,,YES,,,YES,Original IDE swithed to shallow event
392,125.429688,125.429688,,0,YES,,YES,YES,,,
393,131.054688,131.054688,,0,YES,,YES,YES,,,
394,134.570312,-4.648438,,139.21875,,,YES,,,YES,Original IDE swithed to shallow event
395,117.695312,117.695312,,0,YES,,YES,YES,,,
396,114.003906,-4.824219,,118.828125,,,YES,,,YES,Original IDE swithed to shallow event
397,-4.824219,-4.648438,,0.175781,YES,,,,YES,YES,
398,114.003906,-4.912109,,118.916015,,,YES,,,YES,Original IDE swithed to shallow event
399,114.003906,114.179688,,0.175782,YES,,YES,YES,,,
400,117.519531,117.519531,,0,YES,,YES,YES,,,
402,108.90625,-4.824219,,113.730469,,,YES,,,YES,Original IDE swithed to shallow event
403,133.164062,133.164062,,0,YES,,YES,YES,,,
405,121.386719,121.386719,,0,YES,,YES,YES,,,
406,113.476562,-4.912109,,118.388671,,,YES,,,YES,Original IDE swithed to shallow event
407,122.089844,122.089844,,0,YES,,YES,YES,,,
408,126.835938,89.746094,,37.089844,,,YES,YES,,,
409,-0.078125,103.105469,,103.183594,,,,YES,YES,,Original shallow event switched to IDE event
410,-4.648438,-4.824219,,0.175781,YES,,,,YES,YES,
411,-4.296875,85.351562,,89.648437,,,,YES,YES,,Original shallow event switched to IDE event
412,119.804688,-4.824219,,124.628907,,,YES,,,YES,Original IDE swithed to shallow event
413,-4.824219,-4.912109,,0.08789,YES,,,,YES,YES,
414,128.59375,128.066406,,0.527344,YES,,YES,YES,,,
415,121.210938,95.195312,,26.015626,,,YES,YES,,,
418,111.015625,-4.824219,,115.839844,,,YES,,,YES,Original IDE swithed to shallow event
419,111.894531,-4.824219,,116.71875,,,YES,,,YES,Original IDE swithed to shallow event
420,118.925781,118.925781,,0,YES,,YES,YES,,,
421,-4.648438,-4.824219,,0.175781,YES,,,,YES,YES,
422,112.070312,-4.824219,,116.894531,,,YES,,,YES,Original IDE swithed to shallow event
425,119.101562,119.101562,,0,YES,,YES,YES,,,
426,113.476562,-4.824219,,118.300781,,,YES,,,YES,Original IDE swithed to shallow event
427,-4.824219,-4.824219,,0,YES,,,,YES,YES,
428,131.582031,131.582031,,0,YES,,YES,YES,,,
429,-4.824219,-3.066406,,1.757813,YES,,,,YES,YES,
430,112.246094,112.246094,,0,YES,,YES,YES,,,
431,-4.824219,-4.824219,,0,YES,,,,YES,YES,
432,131.757812,101.523438,,30.234374,,,YES,YES,,,
433,-4.296875,-4.648438,,0.351563,YES,,,,YES,YES,
434,27.34375,83.417969,,56.074219,,,,YES,,,
435,-4.824219,-4.824219,,0,YES,,,,YES,YES,
436,129.296875,129.296875,,0,YES,,YES,YES,,,
437,122.089844,-4.824219,,126.914063,,,YES,,,YES,Original IDE swithed to shallow event
439,131.757812,96.074219,,35.683593,,,YES,YES,,,
441,126.660156,126.660156,,0,YES,,YES,YES,,,
442,123.144531,123.144531,,0,YES,,YES,YES,,,
443,121.914062,-4.824219,,126.738281,,,YES,,,YES,Original IDE swithed to shallow event
444,119.277344,-4.824219,,124.101563,,,YES,,,YES,Original IDE swithed to shallow event
445,115.585938,-4.824219,,120.410157,,,YES,,,YES,Original IDE swithed to shallow event
446,124.726562,89.042969,,35.683593,,,YES,YES,,,
447,136.855469,136.855469,,0,YES,,YES,YES,,,
448,124.023438,-4.824219,,128.847657,,,YES,,,YES,Original IDE swithed to shallow event
449,120.683594,119.804688,,0.878906,YES,,YES,YES,,,
450,118.398438,118.398438,,0,YES,,YES,YES,,,
451,110.664062,-4.824219,,115.488281,,,YES,,,YES,Original IDE swithed to shallow event
452,113.828125,113.828125,,0,YES,,YES,YES,,,
453,128.242188,128.242188,,0,YES,,YES,YES,,,
454,122.792969,-4.824219,,127.617188,,,YES,,,YES,Original IDE swithed to shallow event
455,-4.648438,-4.824219,,0.175781,YES,,,,YES,YES,
456,121.738281,121.738281,,0,YES,,YES,YES,,,
457,116.113281,116.113281,,0,YES,,YES,YES,,,
458,130.527344,130.527344,,0,YES,,YES,YES,,,
459,123.847656,123.847656,,0,YES,,YES,YES,,,
460,-4.824219,-4.824219,,0,YES,,,,YES,YES,
461,127.539062,126.835938,,0.703124,YES,,YES,YES,,,
462,100.46875,78.144531,,22.324219,,,YES,YES,,,
463,143.535156,143.535156,,0,YES,,YES,YES,,,
464,-4.648438,-4.912109,,0.263671,YES,,,,YES,YES,
465,112.949219,112.949219,,0,YES,,YES,YES,,,
466,119.804688,-4.648438,,124.453126,,,YES,,,YES,Original IDE swithed to shallow event
497,112.773438,-4.824219,,117.597657,,,YES,,,YES,Original IDE swithed to shallow event
500,-4.824219,-4.824219,,0,YES,,,,YES,YES,
501,-4.648438,-4.648438,,0,YES,,,,YES,YES,
502,135.273438,135.273438,,0,YES,,YES,YES,,,
503,110.664062,-4.824219,,115.488281,,,YES,,,YES,Original IDE swithed to shallow event
506,114.179688,-4.824219,,119.003907,,,YES,,,YES,Original IDE swithed to shallow event
507,-4.296875,-4.648438,,0.351563,YES,,,,YES,YES,
508,116.289062,-4.824219,,121.113281,,,YES,,,YES,Original IDE swithed to shallow event
509,112.773438,81.660156,,31.113282,,,YES,YES,,,
510,126.835938,-4.648438,,131.484376,,,YES,,,YES,Original IDE swithed to shallow event
511,-4.648438,-4.824219,,0.175781,YES,,,,YES,YES,
512,-4.648438,-4.824219,,0.175781,YES,,,,YES,YES,
513,-4.824219,-4.824219,,0,YES,,,,YES,YES,
514,134.570312,-4.824219,,139.394531,,,YES,,,YES,Original IDE swithed to shallow event
515,126.484375,-4.648438,,131.132813,,,YES,,,YES,Original IDE swithed to shallow event
516,121.210938,92.382812,,28.828126,,,YES,YES,,,
517,-4.648438,-4.648438,,0,YES,,,,YES,YES,
518,135.097656,135.097656,,0,YES,,YES,YES,,,
519,-4.648438,87.109375,,91.757813,,,,YES,YES,,Original shallow event switched to IDE event
520,-4.824219,-4.824219,,0,YES,,,,YES,YES,
521,126.132812,98.183594,,27.949218,,,YES,YES,,,
522,-4.824219,-4.824219,,0,YES,,,,YES,YES,
523,128.945312,-4.648438,,133.59375,,,YES,,,YES,Original IDE swithed to shallow event
524,128.242188,-4.648438,,132.890626,,,YES,,,YES,Original IDE swithed to shallow event
525,121.210938,-4.824219,,126.035157,,,YES,,,YES,Original IDE swithed to shallow event
526,117.695312,-4.824219,,122.519531,,,YES,,,YES,Original IDE swithed to shallow event
527,127.011719,126.835938,,0.175781,YES,,YES,YES,,,
528,122.441406,122.441406,,0,YES,,YES,YES,,,
529,161.992188,94.492188,,67.5,,,YES,YES,,,
530,-4.648438,-4.912109,,0.263671,YES,,,,YES,YES,
531,-4.648438,-4.824219,,0.175781,YES,,,,YES,YES,
532,149.863281,149.863281,,0,YES,,YES,YES,,,
533,109.433594,-4.824219,,114.257813,,,YES,,,YES,Original IDE swithed to shallow event
534,121.914062,87.636719,,34.277343,,,YES,YES,,,
535,-4.296875,-4.648438,,0.351563,YES,,,,YES,YES,
536,119.804688,-4.648438,,124.453126,,,YES,,,YES,Original IDE swithed to shallow event
537,120.507812,84.648438,,35.859374,,,YES,YES,,,
538,-4.824219,-4.648438,,0.175781,YES,,,,YES,YES,
539,125.429688,125.429688,,0,YES,,YES,YES,,,
540,119.804688,89.570312,,30.234376,,,YES,YES,,,
541,-4.824219,-4.912109,,0.08789,YES,,,,YES,YES,
543,119.804688,91.855469,,27.949219,,,YES,YES,,,
544,-4.648438,6.777344,,11.425782,YES,,,,YES,YES,
545,146.171875,146.171875,,0,YES,,YES,YES,,,
547,-4.648438,-4.824219,,0.175781,YES,,,,YES,YES,
548,121.210938,108.378906,,12.832032,YES,,YES,YES,,,
549,113.828125,-4.824219,,118.652344,,,YES,,,YES,Original IDE swithed to shallow event
551,126.484375,86.054688,,40.429687,,,YES,YES,,,
552,120.507812,-4.824219,,125.332031,,,YES,,,YES,Original IDE swithed to shallow event
554,138.085938,-4.648438,,142.734376,,,YES,,,YES,Original IDE swithed to shallow event
555,-4.824219,-4.912109,,0.08789,YES,,,,YES,YES,
556,119.101562,-4.824219,,123.925781,,,YES,,,YES,Original IDE swithed to shallow event
558,-4.296875,-4.648438,,0.351563,YES,,,,YES,YES,
559,-4.648438,-4.824219,,0.175781,YES,,,,YES,YES,
560,116.289062,82.539062,,33.75,,,YES,YES,,,
561,121.914062,-4.824219,,126.738281,,,YES,,,YES,Original IDE swithed to shallow event
562,132.460938,95.898438,,36.5625,,,YES,YES,,,
563,-4.648438,-4.824219,,0.175781,YES,,,,YES,YES,
564,-4.648438,-4.648438,,0,YES,,,,YES,YES,
565,-4.296875,-4.648438,,0.351563,YES,,,,YES,YES,
566,126.835938,95.195312,,31.640626,,,YES,YES,,,
569,131.757812,-4.824219,,136.582031,,,YES,,,YES,Original IDE swithed to shallow event
570,-4.824219,-4.824219,,0,YES,,,,YES,YES,
571,111.367188,-4.824219,,116.191407,,,YES,,,YES,Original IDE swithed to shallow event
572,116.289062,-4.824219,,121.113281,,,YES,,,YES,Original IDE swithed to shallow event
573,25.234375,25.234375,,0,YES,,,,,,
574,28.046875,73.398438,,45.351563,,,,YES,,,
575,96.953125,83.769531,,13.183594,YES,,YES,YES,,,
576,135.273438,135.273438,,0,YES,,YES,YES,,,
578,116.992188,-4.824219,,121.816407,,,YES,,,YES,Original IDE swithed to shallow event
579,133.867188,133.867188,,0,YES,,YES,YES,,,
580,119.101562,99.414062,,19.6875,YES,,YES,YES,,,
585,-4.824219,-4.912109,,0.08789,YES,,,,YES,YES,
587,114.882812,-4.648438,,119.53125,,,YES,,,YES,Original IDE swithed to shallow event
588,-4.648438,110.664062,,115.3125,,,,YES,YES,,Original shallow event switched to IDE event
589,130.703125,-4.648438,,135.351563,,,YES,,,YES,Original IDE swithed to shallow event
590,134.921875,-4.824219,,139.746094,,,YES,,,YES,Original IDE swithed to shallow event
592,-4.648438,-4.824219,,0.175781,YES,,,,YES,YES,
593,-4.824219,-1.308594,,3.515625,YES,,,,YES,YES,
594,111.367188,-4.824219,,116.191407,,,YES,,,YES,Original IDE swithed to shallow event
598,122.792969,122.792969,,0,YES,,YES,YES,,,
600,113.476562,-4.824219,,118.300781,,,YES,,,YES,Original IDE swithed to shallow event
601,-4.296875,81.132812,,85.429687,,,,YES,YES,,Original shallow event switched to IDE event
602,118.398438,-4.648438,,123.046876,,,YES,,,YES,Original IDE swithed to shallow event
603,101.171875,-4.824219,,105.996094,,,YES,,,YES,Original IDE swithed to shallow event
604,124.902344,124.902344,,0,YES,,YES,YES,,,
605,95.898438,-4.824219,,100.722657,,,YES,,,YES,Original IDE swithed to shallow event
606,121.914062,95.546875,,26.367187,,,YES,YES,,,
607,92.734375,71.816406,,20.917969,,,YES,YES,,,
608,135.976562,135.976562,,0,YES,,YES,YES,,,
609,137.382812,-4.648438,,142.03125,,,YES,,,YES,Original IDE swithed to shallow event
610,124.726562,-4.824219,,129.550781,,,YES,,,YES,Original IDE swithed to shallow event
611,135.273438,135.273438,,0,YES,,YES,YES,,,
613,-4.824219,-4.824219,,0,YES,,,,YES,YES,
614,127.890625,127.890625,,0,YES,,YES,YES,,,
615,122.441406,-4.824219,,127.265625,,,YES,,,YES,Original IDE swithed to shallow event
616,123.144531,-4.824219,,127.96875,,,YES,,,YES,Original IDE swithed to shallow event
618,119.804688,-4.824219,,124.628907,,,YES,,,YES,Original IDE swithed to shallow event
619,126.132812,126.132812,,0,YES,,YES,YES,,,
620,-4.824219,-4.824219,,0,YES,,,,YES,YES,
622,113.476562,-4.912109,,118.388671,,,YES,,,YES,Original IDE swithed to shallow event
623,116.992188,83.769531,,33.222657,,,YES,YES,,,
624,103.984375,-4.648438,,108.632813,,,YES,,,YES,Original IDE swithed to shallow event
626,136.679688,136.503906,,0.175782,YES,,YES,YES,,,
627,137.382812,137.382812,,0,YES,,YES,YES,,,
629,104.335938,-4.824219,,109.160157,,,YES,,,YES,Original IDE swithed to shallow event
630,-4.648438,-4.824219,,0.175781,YES,,,,YES,YES,
634,120.332031,120.332031,,0,YES,,YES,YES,,,
635,123.144531,-4.824219,,127.96875,,,YES,,,YES,Original IDE swithed to shallow event
638,131.054688,131.054688,,0,YES,,YES,YES,,,
639,117.695312,82.539062,,35.15625,,,YES,YES,,,
642,-4.824219,-0.429688,,4.394531,YES,,,,YES,YES,
645,120.507812,-4.824219,,125.332031,,,YES,,,YES,Original IDE swithed to shallow event
646,128.769531,128.769531,,0,YES,,YES,YES,,,
647,-4.648438,-4.824219,,0.175781,YES,,,,YES,YES,
648,119.453125,88.867188,,30.585937,,,YES,YES,,,
649,116.640625,-4.824219,,121.464844,,,YES,,,YES,Original IDE swithed to shallow event
650,107.851562,-4.824219,,112.675781,,,YES,,,YES,Original IDE swithed to shallow event
651,95.371094,-4.912109,,100.283203,,,YES,,,YES,Original IDE swithed to shallow event
655,-3.945312,-2.714844,,1.230468,YES,,,,YES,YES,
656,-4.648438,-4.824219,,0.175781,YES,,,,YES,YES,
657,122.441406,-4.824219,,127.265625,,,YES,,,YES,Original IDE swithed to shallow event
659,108.554688,-4.824219,,113.378907,,,YES,,,YES,Original IDE swithed to shallow event
660,117.519531,117.519531,,0,YES,,YES,YES,,,
661,112.773438,-4.824219,,117.597657,,,YES,,,YES,Original IDE swithed to shallow event
662,130.703125,104.511719,,26.191406,,,YES,YES,,,
663,129.648438,129.648438,,0,YES,,YES,YES,,,
666,129.648438,129.648438,,0,YES,,YES,YES,,,
667,116.992188,-4.824219,,121.816407,,,YES,,,YES,Original IDE swithed to shallow event
669,127.011719,127.890625,,0.878906,YES,,YES,YES,,,
670,137.382812,137.382812,,0,YES,,YES,YES,,,
671,128.945312,128.945312,,0,YES,,YES,YES,,,
672,127.539062,-4.824219,,132.363281,,,YES,,,YES,Original IDE swithed to shallow event
673,115.058594,-4.912109,,119.970703,,,YES,,,YES,Original IDE swithed to shallow event
674,105.390625,84.824219,,20.566406,,,YES,YES,,,
675,115.585938,-4.824219,,120.410157,,,YES,,,YES,Original IDE swithed to shallow event
676,102.050781,-4.912109,,106.96289,,,YES,,,YES,Original IDE swithed to shallow event
677,122.441406,-4.824219,,127.265625,,,YES,,,YES,Original IDE swithed to shallow event
678,114.882812,-4.824219,,119.707031,,,YES,,,YES,Original IDE swithed to shallow event
681,100.117188,-4.824219,,104.941407,,,YES,,,YES,Original IDE swithed to shallow event
682,137.558594,137.558594,,0,YES,,YES,YES,,,
792,-4.648438,-4.824219,,0.175781,YES,,,,YES,YES,
794,-4.648438,111.367188,,116.015626,,,,YES,YES,,Original shallow event switched to IDE event
795,115.585938,-4.648438,,120.234376,,,YES,,,YES,Original IDE swithed to shallow event
796,-4.648438,-4.824219,,0.175781,YES,,,,YES,YES,
797,122.265625,86.757812,,35.507813,,,YES,YES,,,
798,129.296875,98.007812,,31.289063,,,YES,YES,,,
800,115.761719,-4.648438,,120.410157,,,YES,,,YES,Original IDE swithed to shallow event
801,126.132812,-4.824219,,130.957031,,,YES,,,YES,Original IDE swithed to shallow event
802,123.496094,-4.824219,,128.320313,,,YES,,,YES,Original IDE swithed to shallow event
803,3.085938,-4.824219,,7.910157,YES,,,,YES,YES,
804,102.578125,84.648438,,17.929687,YES,,YES,YES,,,
805,131.757812,131.230469,,0.527343,YES,,YES,YES,,,
806,131.582031,131.582031,,0,YES,,YES,YES,,,
808,102.929688,-4.648438,,107.578126,,,YES,,,YES,Original IDE swithed to shallow event
810,109.257812,109.257812,,0,YES,,YES,YES,,,
811,-4.296875,97.304688,,101.601563,,,,YES,YES,,Original shallow event switched to IDE event
812,80.078125,71.816406,,8.261719,YES,,YES,YES,,,
813,114.882812,-4.648438,,119.53125,,,YES,,,YES,Original IDE swithed to shallow event
814,-4.648438,-4.824219,,0.175781,YES,,,,YES,YES,
815,-4.296875,-4.648438,,0.351563,YES,,,,YES,YES,
817,-4.296875,97.128906,,101.425781,,,,YES,YES,,Original shallow event switched to IDE event
818,-4.648438,-4.648438,,0,YES,,,,YES,YES,
819,119.804688,-4.824219,,124.628907,,,YES,,,YES,Original IDE swithed to shallow event
820,122.265625,-4.824219,,127.089844,,,YES,,,YES,Original IDE swithed to shallow event
821,123.144531,123.144531,,0,YES,,YES,YES,,,
822,-4.824219,-4.824219,,0,YES,,,,YES,YES,
824,94.140625,85.878906,,8.261719,YES,,YES,YES,,,
825,-4.648438,-4.824219,,0.175781,YES,,,,YES,YES,
827,123.847656,123.496094,,0.351562,YES,,YES,YES,,,
830,123.671875,123.671875,,0,YES,,YES,YES,,,
831,-4.296875,98.359375,,102.65625,,,,YES,YES,,Original shallow event switched to IDE event
834,116.640625,102.226562,,14.414063,YES,,YES,YES,,,
835,-4.296875,92.382812,,96.679687,,,,YES,YES,,Original shallow event switched to IDE event
836,116.992188,87.988281,,29.003907,,,YES,YES,,,
837,109.960938,-4.824219,,114.785157,,,YES,,,YES,Original IDE swithed to shallow event
844,-4.824219,6.425781,,11.25,YES,,,,YES,YES,
845,33.671875,-4.648438,,38.320313,,,,,,YES,
847,-4.648438,-4.824219,,0.175781,YES,,,,YES,YES,
849,-4.824219,-4.912109,,0.08789,YES,,,,YES,YES,
850,117.695312,-4.648438,,122.34375,,,YES,,,YES,Original IDE swithed to shallow event
852,116.289062,115.585938,,0.703124,YES,,YES,YES,,,
853,109.257812,-4.824219,,114.082031,,,YES,,,YES,Original IDE swithed to shallow event
865,121.210938,-4.824219,,126.035157,,,YES,,,YES,Original IDE swithed to shallow event
879,-4.824219,-4.824219,,0,YES,,,,YES,YES,
880,100.117188,-4.824219,,104.941407,,,YES,,,YES,Original IDE swithed to shallow event
883,106.445312,-4.824219,,111.269531,,,YES,,,YES,Original IDE swithed to shallow event
884,-4.648438,-0.429688,,4.21875,YES,,,,YES,YES,
885,-4.824219,-4.912109,,0.08789,YES,,,,YES,YES,
886,121.914062,121.738281,,0.175781,YES,,YES,YES,,,
890,131.054688,131.054688,,0,YES,,YES,YES,,,
891,105.390625,82.539062,,22.851563,,,YES,YES,,,
892,-4.824219,-2.011719,,2.8125,YES,,,,YES,YES,
893,114.882812,-4.912109,,119.794921,,,YES,,,YES,Original IDE swithed to shallow event
894,151.445312,151.445312,,0,YES,,YES,YES,,,
896,140.898438,140.898438,,0,YES,,YES,YES,,,
897,-3.59375,93.085938,,96.679688,,,,YES,YES,,Original shallow event switched to IDE event
898,-4.296875,2.382812,,6.679687,YES,,,,YES,YES,
900,129.648438,-4.824219,,134.472657,,,YES,,,YES,Original IDE swithed to shallow event
901,131.054688,-4.648438,,135.703126,,,YES,,,YES,Original IDE swithed to shallow event
902,127.890625,-4.648438,,132.539063,,,YES,,,YES,Original IDE swithed to shallow event
903,-4.912109,-4.824219,,0.08789,YES,,,,YES,YES,
904,93.085938,85.527344,,7.558594,YES,,YES,YES,,,
905,98.535156,-4.648438,,103.183594,,,YES,,,YES,Original IDE swithed to shallow event
906,123.320312,-4.824219,,128.144531,,,YES,,,YES,Original IDE swithed to shallow event
910,51.601562,76.738281,,25.136719,,,,YES,,,
913,117.695312,-4.648438,,122.34375,,,YES,,,YES,Original IDE swithed to shallow event
914,126.132812,116.289062,,9.84375,YES,,YES,YES,,,
915,113.476562,81.660156,,31.816406,,,YES,YES,,,
916,-4.824219,-4.912109,,0.08789,YES,,,,YES,YES,
917,-4.824219,-4.824219,,0,YES,,,,YES,YES,
918,-4.648438,-4.648438,,0,YES,,,,YES,YES,
919,108.730469,-4.824219,,113.554688,,,YES,,,YES,Original IDE swithed to shallow event
920,-4.824219,-4.912109,,0.08789,YES,,,,YES,YES,
921,-4.648438,-4.648438,,0,YES,,,,YES,YES,
922,118.398438,-4.824219,,123.222657,,,YES,,,YES,Original IDE swithed to shallow event
923,-4.648438,-4.824219,,0.175781,YES,,,,YES,YES,
924,-4.296875,95.019531,,99.316406,,,,YES,YES,,Original shallow event switched to IDE event
925,115.234375,-4.648438,,119.882813,,,YES,,,YES,Original IDE swithed to shallow event
927,111.367188,-4.824219,,116.191407,,,YES,,,YES,Original IDE swithed to shallow event
928,-4.824219,-4.912109,,0.08789,YES,,,,YES,YES,
929,124.726562,124.902344,,0.175782,YES,,YES,YES,,,
930,-4.824219,1.152344,,5.976563,YES,,,,YES,YES,
931,112.070312,-4.824219,,116.894531,,,YES,,,YES,Original IDE swithed to shallow event
932,-4.648438,-4.824219,,0.175781,YES,,,,YES,YES,
934,35.078125,97.128906,,62.050781,,,,YES,,,
935,114.882812,-4.824219,,119.707031,,,YES,,,YES,Original IDE swithed to shallow event
936,105.742188,-4.824219,,110.566407,,,YES,,,YES,Original IDE swithed to shallow event
937,-4.648438,-4.912109,,0.263671,YES,,,,YES,YES,
938,-4.648438,-4.824219,,0.175781,YES,,,,YES,YES,
939,-4.824219,-4.824219,,0,YES,,,,YES,YES,
940,102.226562,-4.824219,,107.050781,,,YES,,,YES,
941,-4.296875,121.914062,,126.210937,,,,YES,YES,,Original shallow event switched to IDE event
942,-4.648438,53.007812,,57.65625,,,,,YES,,
943,121.210938,-4.648438,,125.859376,,,YES,,,YES,Original IDE swithed to shallow event
944,-4.648438,24.003906,,28.652344,,,,,YES,,
1026,135.097656,135.273438,,0.175782,YES,,YES,YES,,,
1027,111.191406,111.191406,,0,YES,,YES,YES,,,
1028,110.664062,-4.824219,,115.488281,,,YES,,,YES,Original IDE swithed to shallow event
1029,-4.824219,-4.912109,,0.08789,YES,,,,YES,YES,
1030,107.148438,-4.824219,,111.972657,,,YES,,,YES,Original IDE swithed to shallow event
1031,174.121094,-4.648438,,178.769532,,,YES,,,YES,Original IDE swithed to shallow event
1032,106.796875,100.996094,,5.800781,YES,,YES,YES,,,
1033,119.804688,-4.824219,,124.628907,,,YES,,,YES,Original IDE swithed to shallow event
1035,116.289062,92.03125,,24.257812,,,YES,YES,,,
1036,124.726562,88.515625,,36.210937,,,YES,YES,,,
1037,110.664062,87.636719,,23.027343,,,YES,YES,,,
1039,0.625,0.976562,,0.351562,YES,,,,YES,YES,
1040,107.675781,-4.824219,,112.5,,,YES,,,YES,Original IDE swithed to shallow event
1041,106.796875,-4.648438,,111.445313,,,YES,,,YES,Original IDE swithed to shallow event
1042,128.417969,128.417969,,0,YES,,YES,YES,,,
1043,-4.648438,-2.363281,,2.285157,YES,,,,YES,YES,
1044,-1.484375,3.964844,,5.449219,YES,,,,YES,YES,
1045,111.367188,-4.648438,,116.015626,,,YES,,,YES,Original IDE swithed to shallow event
1046,-4.648438,-4.824219,,0.175781,YES,,,,YES,YES,
1047,126.484375,-4.648438,,131.132813,,,YES,,,YES,Original IDE swithed to shallow event
1048,125.429688,-4.824219,,130.253907,,,YES,,,YES,Original IDE swithed to shallow event
1049,126.835938,126.835938,,0,YES,,YES,YES,,,
1050,107.851562,-4.648438,,112.5,,,YES,,,YES,Original IDE swithed to shallow event
1052,134.570312,105.742188,,28.828124,,,YES,YES,,,
1053,122.265625,85.351562,,36.914063,,,YES,YES,,,
1054,-4.648438,1.503906,,6.152344,YES,,,,YES,YES,
1055,122.265625,102.929688,,19.335937,YES,,YES,YES,,,
1058,124.023438,-4.824219,,128.847657,,,YES,,,YES,Original IDE swithed to shallow event
1060,125.957031,125.957031,,0,YES,,YES,YES,,,
1061,126.835938,-4.824219,,131.660157,,,YES,,,YES,Original IDE swithed to shallow event
1062,-4.824219,6.777344,,11.601563,YES,,,,YES,YES,
1063,69.179688,69.179688,,0,YES,,,,,,
1064,125.429688,-4.824219,,130.253907,,,YES,,,YES,Original IDE swithed to shallow event
1066,-4.648438,-4.824219,,0.175781,YES,,,,YES,YES,
1067,-4.648438,94.316406,,98.964844,,,,YES,YES,,Original shallow event switched to IDE event
1068,-4.648438,-3.945312,,0.703126,YES,,,,YES,YES,
,,,,,,,,,,,
,,,,,,,,,,,
,,,,,255,,252,146,178,288,
,,,,,,,,,,,
,,,,,,,,,,,
,,,,57% of the events have an abs. diff.,,,"Of the original 252 IDEs (depths > 70 km), 51% are still IDEs with Wei's ",,,,
,,,,in depth less than our reported,,,approach.  49% of the original IDEs switched to shallow events with Wei's,,,,
,,,,depth uncertainty (<= 20 km).,,,changes.,,,,
,,,,,,,,,,,
,,,,,,,"Of the original 178 shallow events (depths < 20 km), 87% are still shallow",,,,
,,,,,,,events with Wei's approach.  8% of the original shallow events switched to,,,,
,,,,,,,IDEs with Wei's changes.,,,,
