Event Index Number,Reproduced depth (km),Depth without near source (km),,Abs. Diff. in Depth,Is Abs. Diff <= 20 km?,,Ho etal IDE Event,Wei IDE Event,Ho etal Shallow Event,Wei Shallow Event,,
1,24.179688,24.53125,,0.351562,YES,,,,,,,
2,-4.648438,-4.296875,,0.351563,YES,,,,YES,YES,,
3,-4.648438,120.859375,,125.507813,,,,YES,YES,,Original shallow event switched to IDE event,
5,-4.648438,143.359375,,148.007813,,,,YES,YES,,Original shallow event switched to IDE event,
6,-4.824219,-4.296875,,0.527344,YES,,,,YES,YES,,
7,-4.648438,82.1875,,86.835938,,,,YES,YES,,Original shallow event switched to IDE event,
8,-4.648438,-2.890625,,1.757813,YES,,,,YES,YES,,
9,-4.648438,134.921875,,139.570313,,,,YES,YES,,Original shallow event switched to IDE event,
10,71.113281,86.40625,,15.292969,YES,,YES,YES,,,,
11,-4.648438,-4.296875,,0.351563,YES,,,,YES,YES,,
12,-4.824219,125.078125,,129.902344,,,,YES,YES,,Original shallow event switched to IDE event,
13,-4.648438,-4.296875,,0.351563,YES,,,,YES,YES,,
14,-4.296875,24.53125,,28.828125,,,,,YES,,,
15,-4.648438,115.9375,,120.585938,,,,YES,YES,,Original shallow event switched to IDE event,
17,-4.648438,-4.296875,,0.351563,YES,,,,YES,YES,,
19,-4.648438,-4.296875,,0.351563,YES,,,,YES,YES,,
20,81.660156,-4.296875,,85.957031,,,YES,,,YES,Original IDE swithed to shallow event,Original IDE swithed to shallow event
21,-2.890625,162.34375,,165.234375,,,,YES,YES,,Original shallow event switched to IDE event,
23,84.121094,139.140625,,55.019531,,,YES,YES,,,,
24,-4.648438,-4.296875,,0.351563,YES,,,,YES,YES,,
25,69.882812,16.796875,,53.085937,,,,,,YES,,
26,64.082031,44.921875,,19.160156,YES,,,,,,,
28,174.296875,16.09375,,158.203125,,,YES,,,YES,Original IDE swithed to shallow event,
29,57.226562,40.703125,,16.523437,YES,,,,,,,
31,-4.296875,145.46875,,149.765625,,,,YES,YES,,Original shallow event switched to IDE event,
32,70.234375,120.15625,,49.921875,,,YES,YES,,,,
34,78.671875,147.578125,,68.90625,,,YES,YES,,,,
35,68.828125,69.53125,,0.703125,YES,,,,,,,
36,-4.648438,-4.296875,,0.351563,YES,,,,YES,YES,,
37,1.328125,18.90625,,17.578125,YES,,,,YES,YES,,
38,-4.648438,25.9375,,30.585938,,,,,YES,,,
41,72.695312,5.546875,,67.148437,,,YES,,,YES,Original IDE swithed to shallow event,
43,-4.648438,-4.296875,,0.351563,YES,,,,YES,YES,,
44,-4.648438,114.179688,,118.828126,,,,YES,YES,,Original shallow event switched to IDE event,
45,-4.648438,-4.296875,,0.351563,YES,,,,YES,YES,,
46,-4.648438,-4.648438,,0,YES,,,,YES,YES,,
47,11.171875,4.84375,,6.328125,YES,,,,YES,YES,,
49,78.671875,101.171875,,22.5,,,YES,YES,,,,
50,-4.648438,-4.648438,,0,YES,,,,YES,YES,,
52,88.164062,129.296875,,41.132813,,,YES,YES,,,,
53,-4.296875,172.1875,,176.484375,,,,YES,YES,,Original shallow event switched to IDE event,
58,-4.648438,-4.648438,,0,YES,,,,YES,YES,,
59,-4.648438,35.78125,,40.429688,,,,,YES,,,
60,-4.648438,7.65625,,12.304688,YES,,,,YES,YES,,
61,-4.648438,87.109375,,91.757813,,,,YES,YES,,Original shallow event switched to IDE event,
62,64.257812,-4.296875,,68.554687,,,,,,YES,,
63,-4.648438,-4.296875,,0.351563,YES,,,,YES,YES,,
64,-4.648438,27.34375,,31.992188,,,,,YES,,,
65,-4.648438,-4.296875,,0.351563,YES,,,,YES,YES,,
66,78.320312,-4.296875,,82.617187,,,YES,,,YES,Original IDE swithed to shallow event,
67,64.960938,-4.296875,,69.257813,,,,,,YES,,
68,-4.648438,128.59375,,133.242188,,,,YES,YES,,Original shallow event switched to IDE event,
69,60.742188,132.109375,,71.367187,,,,YES,,,,
70,-4.648438,118.046875,,122.695313,,,,YES,YES,,Original shallow event switched to IDE event,
71,62.148438,-4.296875,,66.445313,,,,,,YES,,
72,-4.648438,-4.296875,,0.351563,YES,,,,YES,YES,,
73,55.820312,-4.296875,,60.117187,,,,,,YES,,
74,-4.648438,-4.296875,,0.351563,YES,,,,YES,YES,,
75,60.742188,-4.296875,,65.039063,,,,,,YES,,
76,-4.648438,-4.296875,,0.351563,YES,,,,YES,YES,,
77,62.148438,122.265625,,60.117187,,,,YES,,,,
78,-4.648438,-4.648438,,0,YES,,,,YES,YES,,
79,8.007812,-0.78125,,8.789062,YES,,,,YES,YES,,
80,-4.648438,28.046875,,32.695313,,,,,YES,,,
81,58.984375,-4.296875,,63.28125,,,,,,YES,,
82,-4.648438,-4.648438,,0,YES,,,,YES,YES,,
83,-4.648438,63.90625,,68.554688,,,,,YES,,,
84,-4.648438,-4.296875,,0.351563,YES,,,,YES,YES,,
85,1.679688,64.609375,,62.929687,,,,,YES,,,
86,131.054688,-4.296875,,135.351563,,,YES,,,YES,Original IDE swithed to shallow event,
88,71.640625,-4.296875,,75.9375,,,YES,,,YES,Original IDE swithed to shallow event,
89,-4.648438,-4.296875,,0.351563,YES,,,,YES,YES,,
90,56.523438,13.28125,,43.242188,,,,,,YES,,
91,61.445312,-2.1875,,63.632812,,,,,,YES,,
92,-4.648438,151.09375,,155.742188,,,,YES,YES,,Original shallow event switched to IDE event,
93,84.648438,-4.296875,,88.945313,,,YES,,,YES,Original IDE swithed to shallow event,
94,68.476562,-4.296875,,72.773437,,,,,,YES,,
95,66.367188,-4.296875,,70.664063,,,,,,YES,,
96,-4.648438,-4.296875,,0.351563,YES,,,,YES,YES,,
97,-4.648438,-4.296875,,0.351563,YES,,,,YES,YES,,
98,124.726562,-4.296875,,129.023437,,,YES,,,YES,Original IDE swithed to shallow event,
99,80.078125,-4.296875,,84.375,,,YES,,,YES,Original IDE swithed to shallow event,
100,69.882812,8.359375,,61.523437,,,,,,YES,,
101,-4.648438,114.179688,,118.828126,,,,YES,YES,,Original shallow event switched to IDE event,
102,-4.648438,151.09375,,155.742188,,,,YES,YES,,Original shallow event switched to IDE event,
103,-4.648438,-4.296875,,0.351563,YES,,,,YES,YES,,
104,78.671875,-4.296875,,82.96875,,,YES,,,YES,,Original IDE swithed to shallow event
105,-0.429688,1.328125,,1.757813,YES,,,,YES,YES,,
106,-4.648438,47.734375,,52.382813,,,,,YES,,,
108,-4.648438,160.9375,,165.585938,,,,YES,YES,,Original shallow event switched to IDE event,
109,99.414062,108.203125,,8.789063,YES,,YES,YES,,,,
110,-4.648438,125.78125,,130.429688,,,,YES,YES,,Original shallow event switched to IDE event,
111,-4.648438,-4.296875,,0.351563,YES,,,,YES,YES,,
112,64.257812,-4.296875,,68.554687,,,,,,YES,,
113,-4.648438,-4.296875,,0.351563,YES,,,,YES,YES,,
114,62.148438,-4.296875,,66.445313,,,,,,YES,,
115,-4.648438,-4.296875,,0.351563,YES,,,,YES,YES,,
117,64.960938,-4.296875,,69.257813,,,,,,YES,,
118,-4.648438,28.75,,33.398438,,,,,YES,,,
119,-4.648438,-4.296875,,0.351563,YES,,,,YES,YES,,
120,-4.648438,4.84375,,9.492188,YES,,,,YES,YES,,
121,89.570312,-4.296875,,93.867187,,,YES,,,YES,Original IDE swithed to shallow event,
122,-4.648438,-4.296875,,0.351563,YES,,,,YES,YES,,
123,-4.296875,-3.59375,,0.703125,YES,,,,YES,YES,,
124,-4.648438,160.9375,,165.585938,,,,YES,YES,,Original shallow event switched to IDE event,
125,-4.648438,153.90625,,158.554688,,,,YES,YES,,Original shallow event switched to IDE event,
126,-1.132812,2.03125,,3.164062,YES,,,,YES,YES,,
127,67.773438,-1.484375,,69.257813,,,,,,YES,,
128,-4.648438,-4.296875,,0.351563,YES,,,,YES,YES,,
129,-4.648438,-4.296875,,0.351563,YES,,,,YES,YES,,
130,-4.648438,165.15625,,169.804688,,,,YES,YES,,Original shallow event switched to IDE event,
131,72.695312,20.3125,,52.382812,,,YES,,,,,
132,-4.648438,28.75,,33.398438,,,,,YES,,,
133,-4.648438,-4.296875,,0.351563,YES,,,,YES,YES,,
134,-4.648438,-4.296875,,0.351563,YES,,,,YES,YES,,
135,-4.648438,-4.296875,,0.351563,YES,,,,YES,YES,,
136,88.515625,-4.296875,,92.8125,,,YES,,,YES,Original IDE swithed to shallow event,
137,-4.648438,-4.296875,,0.351563,YES,,,,YES,YES,,
138,-4.296875,-4.296875,,0,YES,,,,YES,YES,,
139,-4.296875,-4.296875,,0,YES,,,,YES,YES,,
140,22.421875,-3.59375,,26.015625,,,,,,YES,,
141,-4.648438,-4.296875,,0.351563,YES,,,,YES,YES,,
142,64.609375,25.234375,,39.375,,,,,,,,
143,-4.648438,27.34375,,31.992188,,,,,YES,,,
144,-4.648438,-4.648438,,0,YES,,,,YES,YES,,
146,-4.296875,3.4375,,7.734375,YES,,,,YES,YES,,
148,-4.648438,-4.296875,,0.351563,YES,,,,YES,YES,,
150,-4.648438,-4.648438,,0,YES,,,,YES,YES,,
151,-4.648438,-4.296875,,0.351563,YES,,,,YES,YES,,
152,60.742188,-4.296875,,65.039063,,,,,,YES,,
153,-4.648438,-4.296875,,0.351563,YES,,,,YES,YES,,
154,-4.648438,-4.648438,,0,YES,,,,YES,YES,,
155,-4.648438,-4.296875,,0.351563,YES,,,,YES,YES,,
157,-4.648438,126.484375,,131.132813,,,,YES,YES,,Original shallow event switched to IDE event,
158,-4.648438,-4.296875,,0.351563,YES,,,,YES,YES,,
160,-3.242188,-4.296875,,1.054687,YES,,,,YES,YES,,
162,-4.648438,137.03125,,141.679688,,,,YES,YES,,Original shallow event switched to IDE event,
163,-4.648438,-4.648438,,0,YES,,,,YES,YES,,
164,69.882812,28.046875,,41.835937,,,,,,,,
165,68.476562,-4.296875,,72.773437,,,,,,YES,,
166,-4.296875,-4.296875,,0,YES,,,,YES,YES,,
167,69.179688,-3.59375,,72.773438,,,,,,YES,,
168,-4.648438,-4.296875,,0.351563,YES,,,,YES,YES,,
169,58.984375,59.6875,,0.703125,YES,,,,,,,
170,-4.648438,-4.296875,,0.351563,YES,,,,YES,YES,,
171,22.773438,-4.296875,,27.070313,,,,,,YES,,
172,-1.132812,-4.296875,,3.164063,YES,,,,YES,YES,,
173,51.601562,12.578125,,39.023437,,,,,,YES,,
174,-4.296875,88.515625,,92.8125,,,,YES,YES,,Original shallow event switched to IDE event,
175,68.828125,13.984375,,54.84375,,,,,,YES,,
176,-1.835938,16.09375,,17.929688,YES,,,,YES,YES,,
177,63.203125,18.90625,,44.296875,,,,,,YES,,
178,-4.648438,-4.296875,,0.351563,YES,,,,YES,YES,,
179,-4.296875,-4.296875,,0,YES,,,,YES,YES,,
180,-4.296875,52.65625,,56.953125,,,,,YES,,,
181,-4.648438,-4.296875,,0.351563,YES,,,,YES,YES,,
182,89.21875,25.9375,,63.28125,,,YES,,,,,
183,71.992188,26.640625,,45.351563,,,YES,,,,,
184,88.867188,111.015625,,22.148437,,,YES,YES,,,,
185,78.671875,21.015625,,57.65625,,,YES,,,,,
186,60.742188,-4.296875,,65.039063,,,,,,YES,,
187,-4.648438,-4.296875,,0.351563,YES,,,,YES,YES,,
188,51.953125,25.234375,,26.71875,,,,,,,,
189,-4.296875,-4.296875,,0,YES,,,,YES,YES,,
190,-4.648438,22.421875,,27.070313,,,,,YES,,,
191,-4.824219,-4.296875,,0.527344,YES,,,,YES,YES,,
192,-4.648438,-4.296875,,0.351563,YES,,,,YES,YES,,
193,-4.296875,118.046875,,122.34375,,,,YES,YES,,Original shallow event switched to IDE event,
194,-4.648438,-4.296875,,0.351563,YES,,,,YES,YES,,
195,-4.648438,-4.296875,,0.351563,YES,,,,YES,YES,,
196,66.367188,-4.296875,,70.664063,,,,,,YES,,
197,-4.648438,-4.296875,,0.351563,YES,,,,YES,YES,,
198,-4.648438,-4.296875,,0.351563,YES,,,,YES,YES,,
199,26.289062,25.585938,,0.703124,YES,,,,,,,
200,88.515625,-1.484375,,90,,,YES,,,YES,Original IDE swithed to shallow event,
201,64.960938,-4.296875,,69.257813,,,,,,YES,,
202,-4.648438,-1.484375,,3.164063,YES,,,,YES,YES,,
203,-4.648438,-4.296875,,0.351563,YES,,,,YES,YES,,
204,-4.648438,-4.296875,,0.351563,YES,,,,YES,YES,,
205,-4.648438,41.40625,,46.054688,,,,,YES,,,
207,-4.824219,161.640625,,166.464844,,,,YES,YES,,Original shallow event switched to IDE event,
208,26.992188,-3.59375,,30.585938,,,,,,YES,,
210,-1.308594,3.4375,,4.746094,YES,,,,YES,YES,,
211,71.640625,173.59375,,101.953125,,,YES,YES,,,,
212,0.449219,144.0625,,143.613281,,,,YES,YES,,Original shallow event switched to IDE event,
213,-1.967773,27.34375,,29.311523,,,,,YES,,,
214,-4.912109,108.90625,,113.818359,,,,YES,YES,,Original shallow event switched to IDE event,
215,-4.824219,-4.296875,,0.527344,YES,,,,YES,YES,,
216,-2.539062,174.296875,,176.835937,,,,YES,YES,,Original shallow event switched to IDE event,
217,-1.748047,92.03125,,93.779297,,,,YES,YES,,Original shallow event switched to IDE event,
218,31.210938,26.640625,,4.570313,YES,,,,,,,
221,-4.912109,-4.296875,,0.615234,YES,,,,YES,YES,,
222,-4.824219,-3.59375,,1.230469,YES,,,,YES,YES,,
223,-4.824219,-4.296875,,0.527344,YES,,,,YES,YES,,
224,-4.824219,18.90625,,23.730469,,,,,YES,YES,,
225,1.943359,13.28125,,11.337891,YES,,,,YES,YES,,
226,-4.912109,108.90625,,113.818359,,,,YES,YES,,Original shallow event switched to IDE event,
227,-4.824219,9.0625,,13.886719,YES,,,,YES,YES,,
228,-4.912109,139.140625,,144.052734,,,,YES,YES,,Original shallow event switched to IDE event,
229,-4.824219,-3.59375,,1.230469,YES,,,,YES,YES,,
230,18.642578,18.90625,,0.263672,YES,,,,YES,YES,,
231,-0.166016,123.671875,,123.837891,,,,YES,YES,,Original shallow event switched to IDE event,
232,-4.912109,-4.296875,,0.615234,YES,,,,YES,YES,,
233,1.196289,-4.296875,,5.493164,YES,,,,YES,YES,,
235,-4.648438,-4.296875,,0.351563,YES,,,,YES,YES,,
237,2.998047,111.71875,,108.720703,,,,YES,YES,,Original shallow event switched to IDE event,
238,-4.824219,-4.296875,,0.527344,YES,,,,YES,YES,,
239,-4.912109,163.046875,,167.958984,,,,YES,YES,,Original shallow event switched to IDE event,
240,-4.912109,-2.1875,,2.724609,YES,,,,YES,YES,,
241,-4.912109,139.84375,,144.755859,,,,YES,YES,,Original shallow event switched to IDE event,
242,1.855469,-2.1875,,4.042969,YES,,,,YES,YES,,
245,-2.670898,30.859375,,33.530273,,,,,YES,,,
246,-4.648438,-4.296875,,0.351563,YES,,,,YES,YES,,
247,-4.824219,-4.296875,,0.527344,YES,,,,YES,YES,,
248,-4.824219,-0.78125,,4.042969,YES,,,,YES,YES,,
250,-4.824219,-4.296875,,0.527344,YES,,,,YES,YES,,
251,-4.121094,-4.296875,,0.175781,YES,,,,YES,YES,,
252,-4.912109,-4.296875,,0.615234,YES,,,,YES,YES,,
253,17.148438,-3.59375,,20.742188,,,,,YES,YES,,
254,-1.660156,13.28125,,14.941406,YES,,,,YES,YES,,
255,-1.835938,-3.59375,,1.757812,YES,,,,YES,YES,,
256,1.679688,30.15625,,28.476562,,,,,YES,,,
258,-4.648438,-4.296875,,0.351563,YES,,,,YES,YES,,
259,-0.605469,-4.296875,,3.691406,YES,,,,YES,YES,,
260,-4.384766,-4.296875,,0.087891,YES,,,,YES,YES,,
261,0.976562,-0.78125,,1.757812,YES,,,,YES,YES,,
262,-4.824219,-4.296875,,0.527344,YES,,,,YES,YES,,
263,-4.824219,-4.296875,,0.527344,YES,,,,YES,YES,,
264,0.800781,4.84375,,4.042969,YES,,,,YES,YES,,
265,1.855469,13.28125,,11.425781,YES,,,,YES,YES,,
266,0.273438,25.9375,,25.664062,,,,,YES,,,
267,0.449219,-3.59375,,4.042969,YES,,,,YES,YES,,
268,0.009766,63.90625,,63.896484,,,,,YES,,,
269,58.632812,24.53125,,34.101562,,,,,,,,
271,1.152344,-3.59375,,4.746094,YES,,,,YES,YES,,
273,-4.824219,-1.484375,,3.339844,YES,,,,YES,YES,,
274,-4.912109,125.078125,,129.990234,,,,YES,YES,,Original shallow event switched to IDE event,
275,-4.824219,-3.59375,,1.230469,YES,,,,YES,YES,,
277,-4.824219,-4.296875,,0.527344,YES,,,,YES,YES,,
279,-4.824219,-4.296875,,0.527344,YES,,,,YES,YES,,
281,31.914062,-4.296875,,36.210937,,,,,,YES,,
283,-4.648438,-4.296875,,0.351563,YES,,,,YES,YES,,
285,46.503906,-2.890625,,49.394531,,,,,,YES,,
286,-4.824219,-3.59375,,1.230469,YES,,,,YES,YES,,
287,-0.605469,-4.296875,,3.691406,YES,,,,YES,YES,,
289,-0.341797,28.75,,29.091797,,,,,YES,,,
291,-4.824219,-3.59375,,1.230469,YES,,,,YES,YES,,
292,-4.824219,-3.59375,,1.230469,YES,,,,YES,YES,,
293,2.207031,-3.59375,,5.800781,YES,,,,YES,YES,,
294,0.405273,83.59375,,83.188477,,,,YES,YES,,Original shallow event switched to IDE event,
296,56.347656,-2.890625,,59.238281,,,,,,YES,,
297,-1.791992,6.953125,,8.745117,YES,,,,YES,YES,,
298,-3.945312,-3.59375,,0.351562,YES,,,,YES,YES,,
299,-4.648438,-3.59375,,1.054688,YES,,,,YES,YES,,
300,-4.824219,-4.296875,,0.527344,YES,,,,YES,YES,,
301,-0.166016,-4.296875,,4.130859,YES,,,,YES,YES,,
302,45.449219,-3.59375,,49.042969,,,,,,YES,,
303,45.800781,-3.59375,,49.394531,,,,,,YES,,
304,-4.648438,-4.296875,,0.351563,YES,,,,YES,YES,,
306,46.152344,-4.296875,,50.449219,,,,,,YES,,
307,45.097656,-3.59375,,48.691406,,,,,,YES,,
308,-4.912109,-3.59375,,1.318359,YES,,,,YES,YES,,
311,-0.253906,13.28125,,13.535156,YES,,,,YES,YES,,
312,55.820312,66.015625,,10.195313,YES,,,,,,,
314,1.152344,2.03125,,0.878906,YES,,,,YES,YES,,
316,-0.517578,-3.59375,,3.076172,YES,,,,YES,YES,,
318,-0.166016,37.890625,,38.056641,,,,,YES,,,
319,0.888672,-3.59375,,4.482422,YES,,,,YES,YES,,
321,2.470703,166.5625,,164.091797,,,,YES,YES,,Original shallow event switched to IDE event,
322,2.910156,-0.78125,,3.691406,YES,,,,YES,YES,,
324,-4.912109,21.71875,,26.630859,,,,,YES,,,
325,0.800781,24.53125,,23.730469,,,,,YES,,,
326,0.405273,24.53125,,24.125977,,,,,YES,,,
328,1.152344,13.28125,,12.128906,YES,,,,YES,YES,,
329,-4.824219,9.0625,,13.886719,YES,,,,YES,YES,,
331,1.855469,24.53125,,22.675781,,,,,YES,,,
332,-1.396484,27.34375,,28.740234,,,,,YES,,,
333,0.361328,16.796875,,16.435547,YES,,,,YES,YES,,
334,-1.044922,2.03125,,3.076172,YES,,,,YES,YES,,
335,0.449219,13.28125,,12.832031,YES,,,,YES,YES,,
336,1.855469,2.734375,,0.878906,YES,,,,YES,YES,,
337,1.152344,0.625,,0.527344,YES,,,,YES,YES,,
340,-0.957031,10.46875,,11.425781,YES,,,,YES,YES,,
341,0.800781,10.46875,,9.667969,YES,,,,YES,YES,,
352,-4.648438,-4.648438,,0,YES,,,,YES,YES,,
353,36.132812,-4.648438,,40.78125,,,,,,YES,,
358,-4.824219,122.441406,,127.265625,,,,YES,YES,,Original shallow event switched to IDE event,
360,-4.648438,-4.648438,,0,YES,,,,YES,YES,,
363,-4.824219,128.242188,,133.066407,,,,YES,YES,,Original shallow event switched to IDE event,
365,-4.824219,-4.648438,,0.175781,YES,,,,YES,YES,,
367,-4.824219,114.179688,,119.003907,,,,YES,YES,,Original shallow event switched to IDE event,
375,117.167969,117.167969,,0,YES,,YES,YES,,,,
377,123.496094,123.496094,,0,YES,,YES,YES,,,,
378,-4.824219,115.234375,,120.058594,,,,YES,YES,,Original shallow event switched to IDE event,
384,128.417969,128.417969,,0,YES,,YES,YES,,,,
385,115.234375,115.234375,,0,YES,,YES,YES,,,,
386,116.289062,116.289062,,0,YES,,YES,YES,,,,
387,-4.912109,-4.824219,,0.08789,YES,,,,YES,YES,,
389,124.199219,124.199219,,0,YES,,YES,YES,,,,
390,122.617188,122.617188,,0,YES,,YES,YES,,,,
391,122.089844,121.738281,,0.351563,YES,,YES,YES,,,,
394,134.570312,133.867188,,0.703124,YES,,YES,YES,,,,
397,-4.824219,124.023438,,128.847657,,,,YES,YES,,Original shallow event switched to IDE event,
398,114.003906,114.003906,,0,YES,,YES,YES,,,,
410,-4.648438,119.804688,,124.453126,,,,YES,YES,,Original shallow event switched to IDE event,
411,-4.296875,1.328125,,5.625,YES,,,,YES,YES,,
413,-4.824219,113.476562,,118.300781,,,,YES,YES,,Original shallow event switched to IDE event,
417,112.070312,112.070312,,0,YES,,YES,YES,,,,
421,-4.648438,125.078125,,129.726563,,,,YES,YES,,Original shallow event switched to IDE event,
423,121.914062,121.914062,,0,YES,,YES,YES,,,,
424,111.367188,111.367188,,0,YES,,YES,YES,,,,
427,-4.824219,118.574219,,123.398438,,,,YES,YES,,Original shallow event switched to IDE event,
429,-4.824219,114.882812,,119.707031,,,,YES,YES,,Original shallow event switched to IDE event,
434,27.34375,24.53125,,2.8125,YES,,,,,,,
435,-4.824219,116.992188,,121.816407,,,,YES,YES,,Original shallow event switched to IDE event,
440,-4.648438,-4.648438,,0,YES,,,,YES,YES,,
455,-4.648438,132.109375,,136.757813,,,,YES,YES,,Original shallow event switched to IDE event,
460,-4.824219,126.835938,,131.660157,,,,YES,YES,,Original shallow event switched to IDE event,
464,-4.648438,-4.648438,,0,YES,,,,YES,YES,,
484,-4.648438,131.757812,,136.40625,,,,YES,YES,,Original shallow event switched to IDE event,
500,-4.824219,-4.648438,,0.175781,YES,,,,YES,YES,,
505,117.695312,117.695312,,0,YES,,YES,YES,,,,
512,-4.648438,124.023438,,128.671876,,,,YES,YES,,Original shallow event switched to IDE event,
513,-4.824219,-4.648438,,0.175781,YES,,,,YES,YES,,
515,126.484375,126.484375,,0,YES,,YES,YES,,,,
520,-4.824219,-4.648438,,0.175781,YES,,,,YES,YES,,
522,-4.824219,-4.648438,,0.175781,YES,,,,YES,YES,,
530,-4.648438,122.617188,,127.265626,,,,YES,YES,,Original shallow event switched to IDE event,
541,-4.824219,110.664062,,115.488281,,,,YES,YES,,Original shallow event switched to IDE event,
544,-4.648438,113.828125,,118.476563,,,,YES,YES,,Original shallow event switched to IDE event,
555,-4.824219,-4.824219,,0,YES,,,,YES,YES,,
563,-4.648438,-4.648438,,0,YES,,,,YES,YES,,
564,-4.648438,131.757812,,136.40625,,,,YES,YES,,Original shallow event switched to IDE event,
565,-4.296875,-4.296875,,0,YES,,,,YES,YES,,
569,131.757812,131.757812,,0,YES,,YES,YES,,,,
570,-4.824219,-4.648438,,0.175781,YES,,,,YES,YES,,
580,119.101562,119.101562,,0,YES,,YES,YES,,,,
585,-4.824219,-4.648438,,0.175781,YES,,,,YES,YES,,
589,130.703125,130.703125,,0,YES,,YES,YES,,,,
595,-4.648438,-4.296875,,0.351563,YES,,,,YES,YES,,
613,-4.824219,-4.648438,,0.175781,YES,,,,YES,YES,,
615,122.441406,122.441406,,0,YES,,YES,YES,,,,
620,-4.824219,116.992188,,121.816407,,,,YES,YES,,Original shallow event switched to IDE event,
630,-4.648438,-4.648438,,0,YES,,,,YES,YES,,
654,121.914062,121.914062,,0,YES,,YES,YES,,,,
688,36.132812,18.203125,,17.929687,YES,,,,,YES,,
696,-4.824219,111.367188,,116.191407,,,,YES,YES,,Original shallow event switched to IDE event,
724,-4.824219,-4.648438,,0.175781,YES,,,,YES,YES,,
741,112.773438,112.773438,,0,YES,,YES,YES,,,,
743,-4.648438,-4.296875,,0.351563,YES,,,,YES,YES,,
745,-4.648438,-4.648438,,0,YES,,,,YES,YES,,
755,-4.824219,121.914062,,126.738281,,,,YES,YES,,Original shallow event switched to IDE event,
778,-4.824219,114.882812,,119.707031,,,,YES,YES,,Original shallow event switched to IDE event,
779,-4.648438,-4.648438,,0,YES,,,,YES,YES,,
782,-4.824219,119.453125,,124.277344,,,,YES,YES,,Original shallow event switched to IDE event,
787,-4.648438,116.992188,,121.640626,,,,YES,YES,,Original shallow event switched to IDE event,
801,126.132812,126.132812,,0,YES,,YES,YES,,,,
802,123.496094,123.496094,,0,YES,,YES,YES,,,,
803,3.085938,114.179688,,111.09375,,,,YES,YES,,Original shallow event switched to IDE event,
806,131.582031,131.582031,,0,YES,,YES,YES,,,,
809,-4.648438,116.992188,,121.640626,,,,YES,YES,,Original shallow event switched to IDE event,
814,-4.648438,-4.648438,,0,YES,,,,YES,YES,,
821,123.144531,123.144531,,0,YES,,YES,YES,,,,
822,-4.824219,112.070312,,116.894531,,,,YES,YES,,Original shallow event switched to IDE event,
825,-4.648438,-4.648438,,0,YES,,,,YES,YES,,
841,-4.824219,-4.648438,,0.175781,YES,,,,YES,YES,,
844,-4.824219,131.757812,,136.582031,,,,YES,YES,,Original shallow event switched to IDE event,
845,33.671875,21.015625,,12.65625,YES,,,,,,,
849,-4.824219,-4.648438,,0.175781,YES,,,,YES,YES,,
850,117.695312,117.695312,,0,YES,,YES,YES,,,,
853,109.257812,109.257812,,0,YES,,YES,YES,,,,
859,-4.648438,-4.648438,,0,YES,,,,YES,YES,,
862,-4.912109,-4.648438,,0.263671,YES,,,,YES,YES,,
869,-4.824219,128.59375,,133.417969,,,,YES,YES,,Original shallow event switched to IDE event,
870,-4.648438,-4.648438,,0,YES,,,,YES,YES,,
878,-4.648438,-4.648438,,0,YES,,,,YES,YES,,
879,-4.824219,125.429688,,130.253907,,,,YES,YES,,Original shallow event switched to IDE event,
884,-4.648438,123.320312,,127.96875,,,,YES,YES,,Original shallow event switched to IDE event,
885,-4.824219,-4.824219,,0,YES,,,,YES,YES,,
887,117.695312,117.695312,,0,YES,,YES,YES,,,,
892,-4.824219,128.945312,,133.769531,,,,YES,YES,,Original shallow event switched to IDE event,
893,114.882812,114.882812,,0,YES,,YES,YES,,,,
895,-4.296875,-4.296875,,0,YES,,,,YES,YES,,
897,-3.59375,78.671875,,82.265625,,,,YES,YES,,Original shallow event switched to IDE event,
900,129.648438,129.648438,,0,YES,,YES,YES,,,,
902,127.890625,127.890625,,0,YES,,YES,YES,,,,
903,-4.912109,131.757812,,136.669921,,,,YES,YES,,Original shallow event switched to IDE event,
904,93.085938,85.703125,,7.382813,YES,,YES,YES,,,,
906,123.320312,123.320312,,0,YES,,YES,YES,,,,
912,-4.648438,-4.648438,,0,YES,,,,YES,YES,,
916,-4.824219,-4.824219,,0,YES,,,,YES,YES,,
917,-4.824219,125.078125,,129.902344,,,,YES,YES,,Original shallow event switched to IDE event,
918,-4.648438,121.914062,,126.5625,,,,YES,YES,,Original shallow event switched to IDE event,
920,-4.824219,-4.648438,,0.175781,YES,,,,YES,YES,,
928,-4.824219,-4.648438,,0.175781,YES,,,,YES,YES,,
930,-4.824219,-4.824219,,0,YES,,,,YES,YES,,
937,-4.648438,122.617188,,127.265626,,,,YES,YES,,Original shallow event switched to IDE event,
939,-4.824219,-4.648438,,0.175781,YES,,,,YES,YES,,
941,-4.296875,-4.296875,,0,YES,,,,YES,YES,,
942,-4.648438,23.828125,,28.476563,,,,,YES,,,
944,-4.648438,-4.648438,,0,YES,,,,YES,YES,,
947,-4.648438,-4.648438,,0,YES,,,,YES,YES,,
955,-4.648438,133.164062,,137.8125,,,,YES,YES,,Original shallow event switched to IDE event,
958,-4.824219,-4.824219,,0,YES,,,,YES,YES,,
961,81.132812,60.390625,,20.742187,,,YES,,,,,
963,119.804688,119.804688,,0,YES,,YES,YES,,,,
965,121.914062,121.914062,,0,YES,,YES,YES,,,,
968,-4.648438,-4.648438,,0,YES,,,,YES,YES,,
969,123.671875,123.671875,,0,YES,,YES,YES,,,,
970,-0.078125,-1.484375,,1.40625,YES,,,,YES,YES,,
971,-4.824219,121.914062,,126.738281,,,,YES,YES,,Original shallow event switched to IDE event,
975,110.664062,110.664062,,0,YES,,YES,YES,,,,
976,-4.648438,-4.296875,,0.351563,YES,,,,YES,YES,,
978,127.539062,127.539062,,0,YES,,YES,YES,,,,
983,126.132812,126.132812,,0,YES,,YES,YES,,,,
984,-4.648438,-4.648438,,0,YES,,,,YES,YES,,
987,-4.648438,125.429688,,130.078126,,,,YES,YES,,Original shallow event switched to IDE event,
992,129.648438,129.648438,,0,YES,,YES,YES,,,,
993,-3.066406,-4.648438,,1.582032,YES,,,,YES,YES,,
995,-4.648438,112.421875,,117.070313,,,,YES,YES,,Original shallow event switched to IDE event,
1000,116.992188,116.992188,,0,YES,,YES,YES,,,,
1003,-4.648438,-4.648438,,0,YES,,,,YES,YES,,
1010,5.898438,73.398438,,67.5,,,,YES,YES,,Original shallow event switched to IDE event,
1013,129.648438,129.648438,,0,YES,,YES,YES,,,,
1016,-4.824219,-4.296875,,0.527344,YES,,,,YES,YES,,
1020,-4.648438,-4.296875,,0.351563,YES,,,,YES,YES,,
1029,-4.824219,121.738281,,126.5625,,,,YES,YES,,Original shallow event switched to IDE event,
1039,0.625,-4.296875,,4.921875,YES,,,,YES,YES,,
1043,-4.648438,128.945312,,133.59375,,,,YES,YES,,Original shallow event switched to IDE event,
1044,-1.484375,119.101562,,120.585937,,,,YES,YES,,Original shallow event switched to IDE event,
1046,-4.648438,-4.648438,,0,YES,,,,YES,YES,,
1054,-4.648438,-4.648438,,0,YES,,,,YES,YES,,
1058,124.023438,124.023438,,0,YES,,YES,YES,,,,
1062,-4.824219,-4.648438,,0.175781,YES,,,,YES,YES,,
1063,69.179688,80.429688,,11.25,YES,,,YES,,,,
,,,,,,,,,,,,
,,,,,,,,,,,,
,,,,,254,,70,140,311,249,,
,,,,,,,,,,,,
,,,,,,,,,,,,
,,,,58% of the events have an abs. diff.,,,"Of the original 70 IDEs (depths > 70 km), 74% are still IDEs with Wei's ",,,,,
,,,,in depth less than our reported,,,approach.  19% of the original IDEs switched to shallow events with Wei's,,,,,
,,,,depth uncertainty (<= 20 km).,,,changes.,,,,,
,,,,,,,,,,,,
,,,,,,,"Of the original 311 shallow events (depths < 20 km), 62% are still shallow",,,,,
,,,,,,,events with Wei's approach.  27% of the original shallow events switched to,,,,,
,,,,,,,IDEs with Wei's changes.,,,,,
